path,bytes,sha256
deformabletst/data_provider/data_factory.py,1469,ea3b6a6939386b2bf69bce7624974bd887a8bace34c31d556680fca46daa1387
deformabletst/data_provider/data_loader.py,17074,c394cd0ee35bec3aed23dacc6c9740a7b2741f4ec272d512663aec408cf431e0
deformabletst/exp/exp_basic.py,1007,1524970457b2cbede3ba1cc96cba0792e178d2f7300f02afaaf87fccd1b3ceeb
deformabletst/exp/exp_main.py,17173,b8fac4da5f54f44e69bb60073279d8fe463589be53b35833a9fadd6d0a342631
deformabletst/layers/global_attn.py,8095,2ed6b979e784234e4ad6da487c0efc612ab9814fbeda3c11d0b2ee09f0fe03b8
deformabletst/layers/head.py,1290,c116a19a871d05860194bb2f2f3ff53f0b8b8ae5f8e1736f7e00bc30096e0de1
deformabletst/layers/revin.py,1811,d27d3544487e0465670a5e13866516568109bfeb04cf2dcaf64590c32cc9ecfc
deformabletst/layers/transformer_module.py,2208,d5c1d771a190436db182cb48e35858702d83609bd70366c450e1a0fd6f61ddd4
deformabletst/license,1085,3f320fee174a7b89f06e7b1ee02f3f70ce0e0d90fd565f35defb1e9cf8bb3e1f
deformabletst/models/deformabletst.py,10988,ffc9097a2b39df9ee30bbc9f2090d8f096cc77b8a3814e29d78b2c14bdb6b099
deformabletst/readme.md,3894,6a35ee6fc9da6cf2b36763d66b87faa2b52f12e4733fd0a89e18b7156abc67bb
deformabletst/requirements.txt,108,210cb0d6c0635352bb81fbe8f731c43b23a8b0576687d948e897caac327223bf
deformabletst/run.py,9346,8754dfb7d0793483594807aa16fa587d3a95326f626a6ebd8a880549ee8521ef
deformabletst/scripts/ecl.sh,4897,b3f3ee95c3aab1c2d88b2d38bc370319f3b74228eb5049427de0973707497fb5
deformabletst/scripts/etth1.sh,4807,da8814559a859bf466b04a6c02bb74aebd98a56e8b248559b326e4847a444373
deformabletst/scripts/etth2.sh,4808,b006979a0aa42d129851676e6424fefff1dad0949784018ced9dc0f42509270b
deformabletst/scripts/ettm1.sh,4790,a422b43dfb5ab09b666b4679b946c965c8bdb25ae7ba94b8b6382ff284789cc7
deformabletst/scripts/ettm2.sh,4796,5895d0a76563b40e804fdf4e68c1953218cd67287ae4703ccc0e2dc7054362ad
deformabletst/scripts/short-term.sh,7023,b4c7e8dc3b4f6757d1c4d6ac27479ce371d8677147c04a35c1a7587100816ba1
deformabletst/scripts/solar.sh,4815,3730bb24af65e4af910fd5d0a3eea09e4c73eab2a01562dccb9a828db73606ed
deformabletst/scripts/traffic.sh,4851,84d5d68d790560c21e1f968f7b212869e05430cf98eea70076a6bcc2fff5699d
deformabletst/scripts/weather.sh,4836,d5a2ff0dd006f611820fb8fe54a6688a2f6891207e1927146fa10c6a8fbae092
deformabletst/utils/metrics.py,995,dcfecc6eca34d7761cd3a4c95bf8300da0acb19d6b097fde4da08390513a6c48
deformabletst/utils/str2bool.py,315,deeabd9a5b74eb644e9ea45cd848d47792acacb1b14d3fec1bcd7c42a2f4ab97
deformabletst/utils/timefeatures.py,3877,8789bfdad611ca0501a10d76240438bdbeaaa15a42f3c3d97f359fb2d3f3dc45
deformabletst/utils/tools.py,3954,01970b2870b251d7857da7eeb37f463284d0477fd1a0aca3774e7e8737014e9e
hdmixer/data_provider/data_factory.py,1423,956b269c95d12f1e56dbf10ba46d2aeba09e893236131bb5a10b4ca6c18ef4ad
hdmixer/data_provider/data_loader.py,15096,8c8a8beeb57e35f46ebaef5fb1f3f876909f164370f5624f09ec3e3cf2846fb8
hdmixer/exp/exp_basic.py,924,567f7d4ad33816825de0339b67cc66e2abcc4efe41f4ec0ee845c847a2086f9b
hdmixer/exp/exp_main.py,17461,e59cb4b99473bea0d82be1b79feef871d470ffe1dad0f12914ba3123deb8c4c1
hdmixer/formers/autoformer.sh,5342,bff5ca51ee11c84cafdc5c703ff3e891e46be21b407358f724a8ca5cf267b4a4
hdmixer/formers/fedformer/data_provider/data_factory.py,1452,f4da3fab867770085aa9562ee41dd16a01fa4b9ee8e35f3ee1ce03c9b2bbc8eb
hdmixer/formers/fedformer/data_provider/data_loader.py,13780,3188306b28b3c91af9234ae09f8bf684d980bf15e4437fdcd6e46aba34243084
hdmixer/formers/fedformer/exp/exp_basic.py,922,b39adb13245b28b783bf1ab91ca1477e58a25dddba83687fdeda102588182e9b
hdmixer/formers/fedformer/exp/exp_main.py,15465,3b7f0670fd2d05a4b118712fa6e8798db1ffd97cf4b036f0cbb23b334b5617c9
hdmixer/formers/fedformer/layers/autocorrelation.py,9882,8da4df7bac663345b26b3667c068c1a83254c1b12381447709b50bb4758cb7fc
hdmixer/formers/fedformer/layers/autoformer_encdec.py,7811,c2e68cdce3dd30e3ed46b6043f6659a1fe7f0f7a9e32859a365683adbccd92c4
hdmixer/formers/fedformer/layers/embed.py,7312,ba498126638680f90b983e20b83f1b79ace4643a5842f6863d9a64bf4088dbde
hdmixer/formers/fedformer/layers/fouriercorrelation.py,5895,dcd0012b4c6a78f227583c4b6b940ae9dc2fc70420aa214992973247b4fdf16b
hdmixer/formers/fedformer/layers/multiwaveletcorrelation.py,14153,caadcac275c902e06ccd1a38edded5e268217747babf62583115f88a32887919
hdmixer/formers/fedformer/layers/selfattention_family.py,7500,c44464893876cec36b24eead26e11b04acfffd250d43fd4a1028f3069fb8f6ab
hdmixer/formers/fedformer/layers/transformer_encdec.py,4718,bb135608273b996c3b656bfb472c7f637ff1b6667c8dbfedea1f0ded0f8ed878
hdmixer/formers/fedformer/layers/utils.py,13884,a033c1523e06b3c67f5c3dd790326dd3ff48dafad527530c8fce77ec3fe163d8
hdmixer/formers/fedformer/models/autoformer.py,4571,8f11fd9112982fc335bd3e9f5c9ec835dd78c7b44612463a1e7f17dabb72485f
hdmixer/formers/fedformer/models/fedformer.py,11358,391185f8d68d30ced89ccc4713531c4cd96006d35e10b68ccac9e54990bfdf82
hdmixer/formers/fedformer/models/informer.py,3416,b7fd81e645cc1188a85b651cadfe786dd5ed8fdcfcfdc3059bbfe0f76736f292
hdmixer/formers/fedformer/models/transformer.py,3102,e4bde69447d876455879073ad2411c203bed800e0946a437386e98bcc9fc6f73
hdmixer/formers/fedformer/readme.md,1270,ef686256eae9b5f93c80a800e7ab192344e1135eb8e584c720a703646a01b43d
hdmixer/formers/fedformer/run.py,9316,bd87659b1221f7bfdde3cc7c54ab4c292638b5e78e91ca0ab6c949b287083045
hdmixer/formers/fedformer/scripts/longforecasting.sh,3965,99f18ebf69b2eb46e49350942bd27edf7621dd7fc8e089e9891f6f950508cbea
hdmixer/formers/fedformer/scripts/lookbackwindow.sh,4895,a47394666bf8fb0dc266b25c83e92aff0a398cce4128b29d922f6d901aa2d2ea
hdmixer/formers/fedformer/utils/masking.py,1393,f6f8b6b84e43bb8b9d4c753c7c373e0ef9f40703057b682a97114d37c287bd90
hdmixer/formers/fedformer/utils/metrics.py,1180,473fed6642d49887369c8b20aa4f2b6b52b56b5f60ab398e6f90b3ba533581e5
hdmixer/formers/fedformer/utils/timefeatures.py,3877,8789bfdad611ca0501a10d76240438bdbeaaa15a42f3c3d97f359fb2d3f3dc45
hdmixer/formers/fedformer/utils/tools.py,2880,d9e95627f198107c92bafee88a76531000b6c6113e062e4c56918dba0579aad3
hdmixer/formers/informer.sh,5340,228e7e4982bf5ed1ca3a5199d9959290510a204f35443227706e103dbfc5f25d
hdmixer/formers/pyraformer/data_loader.py,27561,f2b435b14bfdffac29452e938ac67a669c918e172d268e87225c08effa23882e
hdmixer/formers/pyraformer/legal.md,578,34fb66944386f0579cd7cc6d404c9b9f6af99df4e9c784c200d78862bd16941c
hdmixer/formers/pyraformer/long_range_main.py,14376,6f67d70ae8c6bbfbfff2692c89ed769c598e17413cae69ded3ee1b42d308df05
hdmixer/formers/pyraformer/preprocess_elect.py,4966,ce705c1daa6b6e6a508dd4bbf4ecd5417b82be32dbaf32f140799c48040681ce
hdmixer/formers/pyraformer/preprocess_flow.py,3698,8d284e1e9c7815cdf90fe2a42d54401343ddf3ce3c2dfb3089aa7856a6b2063f
hdmixer/formers/pyraformer/preprocess_wind.py,3457,0a3b94af8721c25e47504499c95a25aa9117c15d5a047f389f5ded80ae54caa5
hdmixer/formers/pyraformer/pyraformer/embed.py,6392,be54f86c78039b484de0b39436d8b868897194a9e9bae81696f71ceeb29f983f
hdmixer/formers/pyraformer/pyraformer/graph_attention.py,22513,bbca0a0209f6db2feec40cbc12a3fc218c26ca8de462a0e5b5403a23c367f88e
hdmixer/formers/pyraformer/pyraformer/hierarchical_mm_tvm.py,14832,061af7d46087592a641af61a78d2fc050bf948a10d5e77de84a2446cb2927f9a
hdmixer/formers/pyraformer/pyraformer/layers.py,15708,48243569188d93a85b7be7f117b75aa42ba90083d218eab9055466f887d02644
hdmixer/formers/pyraformer/pyraformer/modules.py,664,a52fc738e7411794603bc52b4e96b7bebbc533afdfa4ce651a8f871c07468be5
hdmixer/formers/pyraformer/pyraformer/pam_tvm.py,2407,d6bedb7f7f6fa0cc056ef1e6670a5c89015a703fd79f6bfac5111899269e28e8
hdmixer/formers/pyraformer/pyraformer/pyraformer_lr.py,5153,0fda6f064161bef98ab10b0ffa055e978e7e1b3344bb2ac3d44ff71c76e7d0f2
hdmixer/formers/pyraformer/pyraformer/pyraformer_ss.py,3194,21b3880bebe88b3eb83af32021ae1b0b1d5cfa541c3bd2cd7a39bb632fc29fb2
hdmixer/formers/pyraformer/pyraformer/sublayers.py,3325,4f62800130a95380007389cd767e1d9bef938c525f7d87584ce9d1b64791f3b0
hdmixer/formers/pyraformer/readme.md,5771,e764b2f7b9fd46ceb70ae9f10fe1588b79d693b402602b7fe7e6b887fdba07c5
hdmixer/formers/pyraformer/requirements.txt,1688,04694688fcdf57166a4a969632fd8f906cf21442edb8c83a51be70e866ddef57
hdmixer/formers/pyraformer/scripts/longforecasting.sh,6727,9726285651d0986b882eb8a1681f50f6bdd389667fba263dbf3e5bb7413e0fa4
hdmixer/formers/pyraformer/scripts/lookbackwindow.sh,2617,7a9bb6d3f7ea6f530d0793c8ac2faddf0a9ab06985373a10fc27b3cea12e8844
hdmixer/formers/pyraformer/simulate_sin.py,2983,565580128028aae2ca38b34323d3cfbb0dfa8dc5448a8a13088b67ae82f357d9
hdmixer/formers/pyraformer/single_step_main.py,10858,56325bec0351a5f091c186d9cea80182315c62c8b7d6c484025ce415eecd7ac8
hdmixer/formers/pyraformer/utils/timefeatures.py,4665,e96477bcd61ba0dc294ee33fd51defc82e1ab280107ee742924dac3963aad3c9
hdmixer/formers/pyraformer/utils/tools.py,2759,9f1dbd80a243f35711eed88248ac3dea2be3538ca4f3ca856217b2076fe0028f
hdmixer/formers/transformer.sh,5411,e9604a41e575c75f02355920b374c126080318271fe709d4df572e9028667a8f
hdmixer/layers/autocorrelation.py,6703,b185cfe3549d4052bb3a9df6aa635dd5b6a2e0849b9432151529c9ebc1e87c09
hdmixer/layers/autoformer_encdec.py,6335,6e6a67d9a71d02b70d469dac0bbb804180dc556cb366841f32c1a0e71474e93b
hdmixer/layers/box_coder1d.py,4165,2599652060f3e0f636e082f433766a8ef6f29c2e166b53bc550b3012a6d7b0dd
hdmixer/layers/embed.py,6735,68208f72a54876252302df6e45860c0c53e12436ebb2555bd48a3b1ae0d313bb
hdmixer/layers/patchtst_backbone.py,29551,098c06cf55333c1f05199b6713e79fd46380ea964a37252768ca02236ea56f7b
hdmixer/layers/patchtst_layers.py,4840,6f3351f661cfc772883b1015f200ee987e698e98a9682de6c366aa495036c225
hdmixer/layers/revin.py,2071,486c3d24e2d776c066e21b6f57b3bd556f501c210c58941de4d00a0ca3484c6b
hdmixer/layers/selfattention_family.py,6246,c8867e3433842d95cfd342110e93ea8c46d2ab03b8332ff24e77eabcb6b85196
hdmixer/layers/swin1d.py,4987,d7e2f1c9274b9153a4c04bf19a1519e6b8e737d0f918624308c1d23640ee15ad
hdmixer/layers/transformer_encdec.py,4718,bb135608273b996c3b656bfb472c7f637ff1b6667c8dbfedea1f0ded0f8ed878
hdmixer/models/autoformer.py,6286,c97f260661053db39ef5bcd9f51d48dda8afbabcc0e5394292ff6aa2ab5f3764
hdmixer/models/dlinear.py,3748,190859fc67db235cdd9c27c7590776f402b59e7b67804b52ee2757715f7fc9e3
hdmixer/models/hdmixer.py,17891,511034b835b890f587e9f97acf62b34e14587d24daee53e5ac7f29f5633fcbb9
hdmixer/models/informer.py,5181,6537d8217c7bf68e1cbf44e7da2cef7163e107c54d5758ad8f207f86b9ba8879
hdmixer/models/linear.py,727,03eda57218aaea6be10d69c45fbb64d5f4feaa1fd65a1d5fbd8f485fe9eb08c1
hdmixer/models/nlinear.py,818,6a1734232031cbe39159cb2ff8fc46bdeabfaeca54b4a4112946276ab9d85ce3
hdmixer/models/patchtst.py,5557,9e33eb0f9f8a7d33f1e97fde82951718fc65db43539dc76accc31cd9c807ed9c
hdmixer/models/stat_models.py,4068,e1756217ec16cb3b56a986349fa758785dd72d2dde82925948b113ab43414d7b
hdmixer/models/transformer.py,4889,8c1952daef663a2cd7fcb186a82ea5e4f558f71c48035aa1a0471275420c62e0
hdmixer/requirements.txt,54,0f8babadc4f8cefcd6eb27e935061420528412547f1e4bdd0f7769b6abd59e33
hdmixer/run_longexp.py,10993,43f86f3607a4b979e76d36435917f02d66d4d712b11027e68c96aeec999d9110
hdmixer/scripts/etth1.sh,3352,adbcd65ceb6c6aa73f5c6c2a77c01d246ce3484ba3043a30313ab6368eaa02de
hdmixer/scripts/etth2.sh,3352,b67d68fbd404937f31227bc6ba103dfee227e3fbf01d1885e223be94414e99bb
hdmixer/utils/masking.py,858,c22de70ad076f4eeecc857aba984741da05da54375333399ff2742b041544986
hdmixer/utils/metrics.py,995,dcfecc6eca34d7761cd3a4c95bf8300da0acb19d6b097fde4da08390513a6c48
hdmixer/utils/timefeatures.py,3877,8789bfdad611ca0501a10d76240438bdbeaaa15a42f3c3d97f359fb2d3f3dc45
hdmixer/utils/tools.py,4488,8b1a344874a1cba4cce1e6fd67516a05ca18c8a9cf09b62ba8466b9f355de525
patchmixer/data_provider/data_factory.py,1423,956b269c95d12f1e56dbf10ba46d2aeba09e893236131bb5a10b4ca6c18ef4ad
patchmixer/data_provider/data_loader.py,15096,8c8a8beeb57e35f46ebaef5fb1f3f876909f164370f5624f09ec3e3cf2846fb8
patchmixer/exp/exp_basic.py,922,b39adb13245b28b783bf1ab91ca1477e58a25dddba83687fdeda102588182e9b
patchmixer/exp/exp_main.py,19779,0433e8c66290a53088c62463d0fd5e340c69625f50a2148bd590a0e9e3140fd7
patchmixer/formers/autoformer.sh,5342,bff5ca51ee11c84cafdc5c703ff3e891e46be21b407358f724a8ca5cf267b4a4
patchmixer/formers/fedformer/data_provider/data_factory.py,1452,f4da3fab867770085aa9562ee41dd16a01fa4b9ee8e35f3ee1ce03c9b2bbc8eb
patchmixer/formers/fedformer/data_provider/data_loader.py,13780,3188306b28b3c91af9234ae09f8bf684d980bf15e4437fdcd6e46aba34243084
patchmixer/formers/fedformer/exp/exp_basic.py,922,b39adb13245b28b783bf1ab91ca1477e58a25dddba83687fdeda102588182e9b
patchmixer/formers/fedformer/exp/exp_main.py,15465,3b7f0670fd2d05a4b118712fa6e8798db1ffd97cf4b036f0cbb23b334b5617c9
patchmixer/formers/fedformer/layers/autocorrelation.py,9882,8da4df7bac663345b26b3667c068c1a83254c1b12381447709b50bb4758cb7fc
patchmixer/formers/fedformer/layers/autoformer_encdec.py,7811,c2e68cdce3dd30e3ed46b6043f6659a1fe7f0f7a9e32859a365683adbccd92c4
patchmixer/formers/fedformer/layers/embed.py,7312,ba498126638680f90b983e20b83f1b79ace4643a5842f6863d9a64bf4088dbde
patchmixer/formers/fedformer/layers/fouriercorrelation.py,5895,dcd0012b4c6a78f227583c4b6b940ae9dc2fc70420aa214992973247b4fdf16b
patchmixer/formers/fedformer/layers/multiwaveletcorrelation.py,14153,caadcac275c902e06ccd1a38edded5e268217747babf62583115f88a32887919
patchmixer/formers/fedformer/layers/selfattention_family.py,7500,c44464893876cec36b24eead26e11b04acfffd250d43fd4a1028f3069fb8f6ab
patchmixer/formers/fedformer/layers/transformer_encdec.py,4718,bb135608273b996c3b656bfb472c7f637ff1b6667c8dbfedea1f0ded0f8ed878
patchmixer/formers/fedformer/layers/utils.py,13884,a033c1523e06b3c67f5c3dd790326dd3ff48dafad527530c8fce77ec3fe163d8
patchmixer/formers/fedformer/models/autoformer.py,4571,8f11fd9112982fc335bd3e9f5c9ec835dd78c7b44612463a1e7f17dabb72485f
patchmixer/formers/fedformer/models/fedformer.py,11358,391185f8d68d30ced89ccc4713531c4cd96006d35e10b68ccac9e54990bfdf82
patchmixer/formers/fedformer/models/informer.py,3416,b7fd81e645cc1188a85b651cadfe786dd5ed8fdcfcfdc3059bbfe0f76736f292
patchmixer/formers/fedformer/models/transformer.py,3102,e4bde69447d876455879073ad2411c203bed800e0946a437386e98bcc9fc6f73
patchmixer/formers/fedformer/readme.md,1270,ef686256eae9b5f93c80a800e7ab192344e1135eb8e584c720a703646a01b43d
patchmixer/formers/fedformer/run.py,9316,bd87659b1221f7bfdde3cc7c54ab4c292638b5e78e91ca0ab6c949b287083045
patchmixer/formers/fedformer/scripts/longforecasting.sh,3965,99f18ebf69b2eb46e49350942bd27edf7621dd7fc8e089e9891f6f950508cbea
patchmixer/formers/fedformer/scripts/lookbackwindow.sh,4895,a47394666bf8fb0dc266b25c83e92aff0a398cce4128b29d922f6d901aa2d2ea
patchmixer/formers/fedformer/utils/masking.py,1393,f6f8b6b84e43bb8b9d4c753c7c373e0ef9f40703057b682a97114d37c287bd90
patchmixer/formers/fedformer/utils/metrics.py,1180,473fed6642d49887369c8b20aa4f2b6b52b56b5f60ab398e6f90b3ba533581e5
patchmixer/formers/fedformer/utils/timefeatures.py,3877,8789bfdad611ca0501a10d76240438bdbeaaa15a42f3c3d97f359fb2d3f3dc45
patchmixer/formers/fedformer/utils/tools.py,2880,d9e95627f198107c92bafee88a76531000b6c6113e062e4c56918dba0579aad3
patchmixer/formers/informer.sh,5340,228e7e4982bf5ed1ca3a5199d9959290510a204f35443227706e103dbfc5f25d
patchmixer/formers/pyraformer/data_loader.py,27561,f2b435b14bfdffac29452e938ac67a669c918e172d268e87225c08effa23882e
patchmixer/formers/pyraformer/legal.md,578,34fb66944386f0579cd7cc6d404c9b9f6af99df4e9c784c200d78862bd16941c
patchmixer/formers/pyraformer/long_range_main.py,14376,6f67d70ae8c6bbfbfff2692c89ed769c598e17413cae69ded3ee1b42d308df05
patchmixer/formers/pyraformer/preprocess_elect.py,4966,ce705c1daa6b6e6a508dd4bbf4ecd5417b82be32dbaf32f140799c48040681ce
patchmixer/formers/pyraformer/preprocess_flow.py,3698,8d284e1e9c7815cdf90fe2a42d54401343ddf3ce3c2dfb3089aa7856a6b2063f
patchmixer/formers/pyraformer/preprocess_wind.py,3457,0a3b94af8721c25e47504499c95a25aa9117c15d5a047f389f5ded80ae54caa5
patchmixer/formers/pyraformer/pyraformer/embed.py,6392,be54f86c78039b484de0b39436d8b868897194a9e9bae81696f71ceeb29f983f
patchmixer/formers/pyraformer/pyraformer/graph_attention.py,22513,bbca0a0209f6db2feec40cbc12a3fc218c26ca8de462a0e5b5403a23c367f88e
patchmixer/formers/pyraformer/pyraformer/hierarchical_mm_tvm.py,14832,061af7d46087592a641af61a78d2fc050bf948a10d5e77de84a2446cb2927f9a
patchmixer/formers/pyraformer/pyraformer/layers.py,15708,48243569188d93a85b7be7f117b75aa42ba90083d218eab9055466f887d02644
patchmixer/formers/pyraformer/pyraformer/modules.py,664,a52fc738e7411794603bc52b4e96b7bebbc533afdfa4ce651a8f871c07468be5
patchmixer/formers/pyraformer/pyraformer/pam_tvm.py,2407,d6bedb7f7f6fa0cc056ef1e6670a5c89015a703fd79f6bfac5111899269e28e8
patchmixer/formers/pyraformer/pyraformer/pyraformer_lr.py,5153,0fda6f064161bef98ab10b0ffa055e978e7e1b3344bb2ac3d44ff71c76e7d0f2
patchmixer/formers/pyraformer/pyraformer/pyraformer_ss.py,3194,21b3880bebe88b3eb83af32021ae1b0b1d5cfa541c3bd2cd7a39bb632fc29fb2
patchmixer/formers/pyraformer/pyraformer/sublayers.py,3325,4f62800130a95380007389cd767e1d9bef938c525f7d87584ce9d1b64791f3b0
patchmixer/formers/pyraformer/readme.md,5771,e764b2f7b9fd46ceb70ae9f10fe1588b79d693b402602b7fe7e6b887fdba07c5
patchmixer/formers/pyraformer/requirements.txt,1688,04694688fcdf57166a4a969632fd8f906cf21442edb8c83a51be70e866ddef57
patchmixer/formers/pyraformer/scripts/longforecasting.sh,6727,9726285651d0986b882eb8a1681f50f6bdd389667fba263dbf3e5bb7413e0fa4
patchmixer/formers/pyraformer/scripts/lookbackwindow.sh,2617,7a9bb6d3f7ea6f530d0793c8ac2faddf0a9ab06985373a10fc27b3cea12e8844
patchmixer/formers/pyraformer/simulate_sin.py,2983,565580128028aae2ca38b34323d3cfbb0dfa8dc5448a8a13088b67ae82f357d9
patchmixer/formers/pyraformer/single_step_main.py,10858,56325bec0351a5f091c186d9cea80182315c62c8b7d6c484025ce415eecd7ac8
patchmixer/formers/pyraformer/utils/timefeatures.py,4665,e96477bcd61ba0dc294ee33fd51defc82e1ab280107ee742924dac3963aad3c9
patchmixer/formers/pyraformer/utils/tools.py,2759,9f1dbd80a243f35711eed88248ac3dea2be3538ca4f3ca856217b2076fe0028f
patchmixer/formers/transformer.sh,5411,e9604a41e575c75f02355920b374c126080318271fe709d4df572e9028667a8f
patchmixer/layers/autocorrelation.py,6703,b185cfe3549d4052bb3a9df6aa635dd5b6a2e0849b9432151529c9ebc1e87c09
patchmixer/layers/autoformer_encdec.py,6335,6e6a67d9a71d02b70d469dac0bbb804180dc556cb366841f32c1a0e71474e93b
patchmixer/layers/embed.py,6735,68208f72a54876252302df6e45860c0c53e12436ebb2555bd48a3b1ae0d313bb
patchmixer/layers/local_global.py,6614,2eedb77e56e975d47482c3b09af63f4db8dab893e62759a32aa7ba4d7f5e63aa
patchmixer/layers/patchtst_backbone.py,18345,01262304262d8143e2618ca49102f13b8400f7fda99b0f7b3377c0e1bd49ecfa
patchmixer/layers/patchtst_layers.py,4840,6f3351f661cfc772883b1015f200ee987e698e98a9682de6c366aa495036c225
patchmixer/layers/revin.py,2071,486c3d24e2d776c066e21b6f57b3bd556f501c210c58941de4d00a0ca3484c6b
patchmixer/layers/selfattention_family.py,6246,c8867e3433842d95cfd342110e93ea8c46d2ab03b8332ff24e77eabcb6b85196
patchmixer/layers/transformer_encdec.py,4718,bb135608273b996c3b656bfb472c7f637ff1b6667c8dbfedea1f0ded0f8ed878
patchmixer/license,1089,b94ef095056f3198154f3aaa118211f191bcdb214be27bad38f8b5544541a55f
patchmixer/models/autoformer.py,6286,c97f260661053db39ef5bcd9f51d48dda8afbabcc0e5394292ff6aa2ab5f3764
patchmixer/models/dlinear.py,3748,190859fc67db235cdd9c27c7590776f402b59e7b67804b52ee2757715f7fc9e3
patchmixer/models/informer.py,5181,6537d8217c7bf68e1cbf44e7da2cef7163e107c54d5758ad8f207f86b9ba8879
patchmixer/models/linear.py,727,03eda57218aaea6be10d69c45fbb64d5f4feaa1fd65a1d5fbd8f485fe9eb08c1
patchmixer/models/nlinear.py,818,6a1734232031cbe39159cb2ff8fc46bdeabfaeca54b4a4112946276ab9d85ce3
patchmixer/models/patchmixer.py,4107,d7c64f3a69b254460d8c211695351b51ea6cd3ece0d1915cf1b12ef158f3fd1b
patchmixer/models/patchtst.py,5532,4456aa464205bd843126ed32aa55a3e203a21e84ae0526cff3f116d1430f0620
patchmixer/models/stat_models.py,4068,e1756217ec16cb3b56a986349fa758785dd72d2dde82925948b113ab43414d7b
patchmixer/models/transformer.py,4889,8c1952daef663a2cd7fcb186a82ea5e4f558f71c48035aa1a0471275420c62e0
patchmixer/readme.md,4772,d690fa4cc0e0d36060e98c428fc4ab49d9a65da14d9df89b87be49a86a839df3
patchmixer/requirements.txt,343,4d644ddf092a5716c42a19f69a04b54b2f1bcd152e40916cc04316050b88a5cb
patchmixer/run_longexp.py,8956,7e0df5ad961c5acfaa15af3be1d7ddd07c761ce61f2319c6c2c73bd11e24e10e
patchmixer/scripts/patchmixer/electricity.sh,1168,d6ac031534fec1190c3a71695bdcba118295f2d07752e67254601a4081893a64
patchmixer/scripts/patchmixer/etth1.sh,1103,ea19c4e2e24a698b52df849696948b60db0a1f9b87c125178a3d085c101281d3
patchmixer/scripts/patchmixer/etth2.sh,1104,8563320dbaab063b48028d734750554ce58d7ba9f97c531ea41ea36a23d81c20
patchmixer/scripts/patchmixer/ettm1.sh,1128,ab53edc252cfb7c16ad2dcaf6f1bd36c10bfea28a44e064dd6b0d34dc9ad54cf
patchmixer/scripts/patchmixer/ettm2.sh,1128,5a86a70fb0d3b7009c083ff297e879a70019cbb5a914d3c514c1e07753cb5bf0
patchmixer/scripts/patchmixer/traffic.sh,1107,280b3ad0155048c475a9eba0a0f5a583c0416e13f75611abdae8d1985c7fd603
patchmixer/scripts/patchmixer/univariate/etth1.sh,1196,32e11647b33a1ca4fc3365c40d4b0d86ccc2b50dea3f55585b6fb91fccb54b81
patchmixer/scripts/patchmixer/univariate/etth2.sh,1196,a862b14ad53dc35c7eb64c0f753fbde2d113f08eff37d7dbe312fd0cca510c80
patchmixer/scripts/patchmixer/univariate/ettm1.sh,1221,c66349f175e7e06dda98ca1c6b34d4c3d69ab50b941dc814dadb7b08d380adac
patchmixer/scripts/patchmixer/univariate/ettm2.sh,1221,0a824af26f54991eb72fb7a2d9ab4eacfdf52b1cdc3cc886abb7deaae11e9325
patchmixer/scripts/patchmixer/weather.sh,1086,86f187cf91c2e6494618abecc111b12b6db8836323d27712ac91b1f57c1cc80a
patchmixer/scripts/patchtst/electricity.sh,1166,beca61fae22bab9ad3a1252077bbae5aecb09495c98dea41e3758334058945ac
patchmixer/scripts/patchtst/etth1.sh,1081,512a2073d7bf695bdbf9e2032b59a0f3d46c5c90b02c54746b8e008010e94e6d
patchmixer/scripts/patchtst/etth2.sh,1081,24f4bd67d0855fbd6ca41ef2ef5564f166fd77bd8fe7f209fc7006d71854d7db
patchmixer/scripts/patchtst/ettm1.sh,1151,48c971d33a8dee217317bba433e6551884e54803093eba73ba0d77a5c2dda73f
patchmixer/scripts/patchtst/ettm2.sh,1152,288434a71b37b2e7956575f265b314b7f8eb0e529124a75ce54e60adf2e8c1a3
patchmixer/scripts/patchtst/traffic.sh,1157,5ec7e53cc8ac830f93b0e23e4504490424e39ccaa1496a2b3c94c5b1d47f4214
patchmixer/scripts/patchtst/univariate/etth1.sh,1205,0b71440a35d94d3ce367da928d6b93ab99498ab6b2dc1a1d1963fdfdbab49548
patchmixer/scripts/patchtst/univariate/etth2.sh,1205,090cae1ecfe2d25a869e1ea8ed3245a7408677dfe421bc745bffe89feb19c3c1
patchmixer/scripts/patchtst/univariate/ettm1.sh,1275,5de1e9c9ec20e2fa60ab1d73abfaf93fefab80723877e008b73a3c95bcd8791a
patchmixer/scripts/patchtst/univariate/ettm2.sh,1276,9a249d1f9144d766972429a0167f1e6a7b9e8194230b6fbaab0f9d7a97358ff2
patchmixer/scripts/patchtst/weather.sh,1111,4abcb58dc2a48a6f98d4c878a8d6e11a403192f97ebfb487800003ace4d14fb4
patchmixer/utils/masking.py,858,c22de70ad076f4eeecc857aba984741da05da54375333399ff2742b041544986
patchmixer/utils/metrics.py,995,dcfecc6eca34d7761cd3a4c95bf8300da0acb19d6b097fde4da08390513a6c48
patchmixer/utils/timefeatures.py,3877,8789bfdad611ca0501a10d76240438bdbeaaa15a42f3c3d97f359fb2d3f3dc45
patchmixer/utils/tools.py,4388,83fd3527d554b0e09a03b2f2ff126fa72f1a9d95b0d6c7453a56dcbd1020dfdd
patchmlp/data_provider/__init__.py,0,e3b0c44298fc1c149afbf4c8996fb92427ae41e4649b934ca495991b7852b855
patchmlp/data_provider/data_factory.py,1512,109b3c8ae0f021a1cd5d4043f7615d5540b0b88e49ff37ad42e4c43e5bbf35d0
patchmlp/data_provider/data_loader.py,17618,ccff89b095eb226cc0a5f0d9c4b127d47557c2acfacea3a951b18ac21eb1f8f0
patchmlp/experiments/exp_basic.py,1004,a3ffdf97aadb123189295458452dcb22dddbc833704adb533cde0f58a5e4103d
patchmlp/experiments/exp_long_term_forecasting.py,14639,e69ca674429e6ce4c49332082cc36a6d1e4297d29ad6b7c7fe58a665430ab39f
patchmlp/layers/__init__.py,0,e3b0c44298fc1c149afbf4c8996fb92427ae41e4649b934ca495991b7852b855
patchmlp/layers/embed.py,6851,d9b30bb1b935761b0bd76ce6c9de642ad1daa8556ef85ebdbb31829faedc7a26
patchmlp/model/__init__.py,0,e3b0c44298fc1c149afbf4c8996fb92427ae41e4649b934ca495991b7852b855
patchmlp/model/patchmlp.py,3959,301d819c7cb4222a91ff94e91ad831b5519cf4eed4a1ccbad2488383e5ea307c
patchmlp/run.py,7636,045c39e3f70cfff8046c13cccfada1abf5f998a44e0f7c60d59710b08bb0f27e
patchmlp/utils/__init__.py,0,e3b0c44298fc1c149afbf4c8996fb92427ae41e4649b934ca495991b7852b855
patchmlp/utils/masking.py,858,c22de70ad076f4eeecc857aba984741da05da54375333399ff2742b041544986
patchmlp/utils/metrics.py,907,9f53d0f3f45ec8c206f2d50af8deddbe381548624f82dc927e278dc57c07577d
patchmlp/utils/timefeatures.py,4517,ec08852581cedb577b42df903c9bc962041c7258bd38a007c71bad94cde1e4a2
patchmlp/utils/tools.py,3511,3f74346df4b1fba152afd414c27d58a88dbcbcd10e1d77388f19a282e1714bc0
patchtst/license,11558,1eb85fc97224598dad1852b5d6483bbcf0aa8608790dcc657a5a2a761ae9c8c6
patchtst/patchtst_self_supervised/__init__.py,380,4da368f1d7ac9689b75c302e53e3706ef5bb169fecee2ac9f451f09e75f2b411
patchtst/patchtst_self_supervised/datautils.py,7071,164519e9edd82b9971d38ec04ac07c167f3610d3b1d12941337f67a31b3472ea
patchtst/patchtst_self_supervised/patchtst_finetune.py,10219,bf9541a739943c6a8d4788038e930e569a31e955831e861d6716fdc876957524
patchtst/patchtst_self_supervised/patchtst_pretrain.py,6268,164861225bf507aed5c460e8fbb70345c620bdf0dfe47b6799160f1bb2803d73
patchtst/patchtst_self_supervised/patchtst_supervised.py,6296,bfbd579cbfcaaf8730675c656792350483338fd7d663ec60cac67e31f6da7989
patchtst/patchtst_self_supervised/src/__init__.py,0,e3b0c44298fc1c149afbf4c8996fb92427ae41e4649b934ca495991b7852b855
patchtst/patchtst_self_supervised/src/basics.py,3198,7a816fac4773ca63e2bc9d4f86145b37a5f41708b21a3ac0f588f08cc3ff7780
patchtst/patchtst_self_supervised/src/callback/__init__.py,22,63595ed08fd452ea571ae8d74a7a2102ffb366a2a470d338051578500da1fee0
patchtst/patchtst_self_supervised/src/callback/core.py,2538,3c37370e375346fe85a0f48c17f7ee4186554b3df6be93d8958eee3eb3ca0acc
patchtst/patchtst_self_supervised/src/callback/distributed.py,6754,84b85ace9e4153f56a1855366042457dbc0619c86feddc49fcee794e568b0a5f
patchtst/patchtst_self_supervised/src/callback/patch_mask.py,7418,9fcd0da4c9d9bee095e7425ca2b445e81a776bd5309407bb98457c8385af2e12
patchtst/patchtst_self_supervised/src/callback/scheduler.py,8796,a0cc60d67c9a9922906c9fb17c7421fac2424a65cbc4968f0935d0809f76ce5c
patchtst/patchtst_self_supervised/src/callback/tracking.py,11807,60c1e7cb83206647cf55f6a29de172646911f7b7db8d6236d2e8e60d894a35b4
patchtst/patchtst_self_supervised/src/callback/transforms.py,1357,0aa40480357d73ef528a85493a0b874d3c7b337f449bc445690f3433b89b0cec
patchtst/patchtst_self_supervised/src/data/__init__.py,0,e3b0c44298fc1c149afbf4c8996fb92427ae41e4649b934ca495991b7852b855
patchtst/patchtst_self_supervised/src/data/datamodule.py,2619,c5c625b7d3553e2f0d5fe46219f4309ca389cf7f8333da376a23f1816f06b0b6
patchtst/patchtst_self_supervised/src/data/pred_dataset.py,16130,d6913a35d4737b8b4ce0ad9d8fcd831258a81b7d2ff41fae5c62825c1b3a70ac
patchtst/patchtst_self_supervised/src/data/timefeatures.py,3877,8789bfdad611ca0501a10d76240438bdbeaaa15a42f3c3d97f359fb2d3f3dc45
patchtst/patchtst_self_supervised/src/learner.py,18781,53e01c40767557ed4f8e9c526fe363de0d1d517f27d97e893fa423f17dcef953
patchtst/patchtst_self_supervised/src/metrics.py,606,6b351ae0b99a0afdff2bda8fed541db1dcc7b3e399400e37e53e322ee008cde2
patchtst/patchtst_self_supervised/src/models/__init__.py,2,7eb70257593da06f682a3ddda54a9d260d4fc514f645237f5ca74b08f8da61a6
patchtst/patchtst_self_supervised/src/models/layers/attention.py,5922,c638b8f7e5d3375be4db457841e68d2a56d3756764ad953e120995ab61bd49e8
patchtst/patchtst_self_supervised/src/models/layers/basics.py,1780,7a325006131f2b543eb62031c6e474c627b8bae8937fb0c04566419f66e79a89
patchtst/patchtst_self_supervised/src/models/layers/heads.py,3889,eac72f2f44d20962d34b5beca35d0f58add2e0d1f833703bc7662580b7576208
patchtst/patchtst_self_supervised/src/models/layers/pos_encoding.py,1714,eba7314eb3701fc76e2f8c2292f40cca8d1cc051707cc4ca2ac28ae53474c623
patchtst/patchtst_self_supervised/src/models/layers/revin.py,1744,65c91c4b3ef323f76e99fd4a42f5cd62cd4779ee54dd4c2ba20337f8a8a3baec
patchtst/patchtst_self_supervised/src/models/patchtst.py,13985,fdfc586f02c351f921e683829e05dfb3ddd59ba550b2f520605243b29a63aa5f
patchtst/patchtst_self_supervised/src/utils.py,1636,7b06a5d4175eda8f8d409e21115f1476f3e1f776efd648208fccd0e54a0045b8
patchtst/patchtst_supervised/data_provider/data_factory.py,1423,956b269c95d12f1e56dbf10ba46d2aeba09e893236131bb5a10b4ca6c18ef4ad
patchtst/patchtst_supervised/data_provider/data_loader.py,15116,d826ed49944490f5105a9e604c189ebbd27ac591cb50c0f3a88f5a7f766c741c
patchtst/patchtst_supervised/exp/exp_basic.py,922,b39adb13245b28b783bf1ab91ca1477e58a25dddba83687fdeda102588182e9b
patchtst/patchtst_supervised/exp/exp_main.py,16664,76b2b1ab73092c41a85aad30fea287efddb92c6f42db4055e63cebf489781e9a
patchtst/patchtst_supervised/formers/autoformer.sh,5133,57ed0536d3c5f4ee4d02bc4eaa0dda80927c2b56e755840ae944e20d75ef77f7
patchtst/patchtst_supervised/formers/fedformer/data_provider/data_factory.py,1452,f4da3fab867770085aa9562ee41dd16a01fa4b9ee8e35f3ee1ce03c9b2bbc8eb
patchtst/patchtst_supervised/formers/fedformer/data_provider/data_loader.py,13795,9cf323291144221d490529b3c2b9ae4ca88796758d167c44f8d364e997480b48
patchtst/patchtst_supervised/formers/fedformer/exp/exp_basic.py,922,b39adb13245b28b783bf1ab91ca1477e58a25dddba83687fdeda102588182e9b
patchtst/patchtst_supervised/formers/fedformer/exp/exp_main.py,15465,3b7f0670fd2d05a4b118712fa6e8798db1ffd97cf4b036f0cbb23b334b5617c9
patchtst/patchtst_supervised/formers/fedformer/layers/autocorrelation.py,9882,8da4df7bac663345b26b3667c068c1a83254c1b12381447709b50bb4758cb7fc
patchtst/patchtst_supervised/formers/fedformer/layers/autoformer_encdec.py,7811,c2e68cdce3dd30e3ed46b6043f6659a1fe7f0f7a9e32859a365683adbccd92c4
patchtst/patchtst_supervised/formers/fedformer/layers/embed.py,7312,ba498126638680f90b983e20b83f1b79ace4643a5842f6863d9a64bf4088dbde
patchtst/patchtst_supervised/formers/fedformer/layers/fouriercorrelation.py,5895,dcd0012b4c6a78f227583c4b6b940ae9dc2fc70420aa214992973247b4fdf16b
patchtst/patchtst_supervised/formers/fedformer/layers/multiwaveletcorrelation.py,14153,caadcac275c902e06ccd1a38edded5e268217747babf62583115f88a32887919
patchtst/patchtst_supervised/formers/fedformer/layers/selfattention_family.py,7500,c44464893876cec36b24eead26e11b04acfffd250d43fd4a1028f3069fb8f6ab
patchtst/patchtst_supervised/formers/fedformer/layers/transformer_encdec.py,4718,bb135608273b996c3b656bfb472c7f637ff1b6667c8dbfedea1f0ded0f8ed878
patchtst/patchtst_supervised/formers/fedformer/layers/utils.py,13884,a033c1523e06b3c67f5c3dd790326dd3ff48dafad527530c8fce77ec3fe163d8
patchtst/patchtst_supervised/formers/fedformer/models/autoformer.py,4571,8f11fd9112982fc335bd3e9f5c9ec835dd78c7b44612463a1e7f17dabb72485f
patchtst/patchtst_supervised/formers/fedformer/models/fedformer.py,11358,391185f8d68d30ced89ccc4713531c4cd96006d35e10b68ccac9e54990bfdf82
patchtst/patchtst_supervised/formers/fedformer/models/informer.py,3416,b7fd81e645cc1188a85b651cadfe786dd5ed8fdcfcfdc3059bbfe0f76736f292
patchtst/patchtst_supervised/formers/fedformer/models/transformer.py,3102,e4bde69447d876455879073ad2411c203bed800e0946a437386e98bcc9fc6f73
patchtst/patchtst_supervised/formers/fedformer/readme.md,1270,ef686256eae9b5f93c80a800e7ab192344e1135eb8e584c720a703646a01b43d
patchtst/patchtst_supervised/formers/fedformer/run.py,9316,bd87659b1221f7bfdde3cc7c54ab4c292638b5e78e91ca0ab6c949b287083045
patchtst/patchtst_supervised/formers/fedformer/scripts/longforecasting.sh,3764,9c9c2d67875ccdd465da1b812fc648aeb5b3a7fdd7801dbb9549e5c97fad2524
patchtst/patchtst_supervised/formers/fedformer/scripts/lookbackwindow.sh,4659,56f485e93095f7378a2bec0b5f3751af0e7bb66a89a9da7395758a5d6ab06ecc
patchtst/patchtst_supervised/formers/fedformer/utils/masking.py,1393,f6f8b6b84e43bb8b9d4c753c7c373e0ef9f40703057b682a97114d37c287bd90
patchtst/patchtst_supervised/formers/fedformer/utils/metrics.py,1180,473fed6642d49887369c8b20aa4f2b6b52b56b5f60ab398e6f90b3ba533581e5
patchtst/patchtst_supervised/formers/fedformer/utils/timefeatures.py,3877,8789bfdad611ca0501a10d76240438bdbeaaa15a42f3c3d97f359fb2d3f3dc45
patchtst/patchtst_supervised/formers/fedformer/utils/tools.py,2880,d9e95627f198107c92bafee88a76531000b6c6113e062e4c56918dba0579aad3
patchtst/patchtst_supervised/formers/informer.sh,5131,da11b0f573b27d4c59d474db3cfcc4cbf174e5332284b15d127f3c1991502de2
patchtst/patchtst_supervised/formers/pyraformer/data_loader.py,27566,5a78c11642bad38f8fe059b03e4215a0012242d9c43931fdc80df01815d98d9c
patchtst/patchtst_supervised/formers/pyraformer/legal.md,578,34fb66944386f0579cd7cc6d404c9b9f6af99df4e9c784c200d78862bd16941c
patchtst/patchtst_supervised/formers/pyraformer/long_range_main.py,14376,6f67d70ae8c6bbfbfff2692c89ed769c598e17413cae69ded3ee1b42d308df05
patchtst/patchtst_supervised/formers/pyraformer/preprocess_elect.py,4966,ce705c1daa6b6e6a508dd4bbf4ecd5417b82be32dbaf32f140799c48040681ce
patchtst/patchtst_supervised/formers/pyraformer/preprocess_flow.py,3698,8d284e1e9c7815cdf90fe2a42d54401343ddf3ce3c2dfb3089aa7856a6b2063f
patchtst/patchtst_supervised/formers/pyraformer/preprocess_wind.py,3457,0a3b94af8721c25e47504499c95a25aa9117c15d5a047f389f5ded80ae54caa5
patchtst/patchtst_supervised/formers/pyraformer/pyraformer/embed.py,6392,be54f86c78039b484de0b39436d8b868897194a9e9bae81696f71ceeb29f983f
patchtst/patchtst_supervised/formers/pyraformer/pyraformer/graph_attention.py,22513,bbca0a0209f6db2feec40cbc12a3fc218c26ca8de462a0e5b5403a23c367f88e
patchtst/patchtst_supervised/formers/pyraformer/pyraformer/hierarchical_mm_tvm.py,14832,061af7d46087592a641af61a78d2fc050bf948a10d5e77de84a2446cb2927f9a
patchtst/patchtst_supervised/formers/pyraformer/pyraformer/layers.py,15708,48243569188d93a85b7be7f117b75aa42ba90083d218eab9055466f887d02644
patchtst/patchtst_supervised/formers/pyraformer/pyraformer/modules.py,664,a52fc738e7411794603bc52b4e96b7bebbc533afdfa4ce651a8f871c07468be5
patchtst/patchtst_supervised/formers/pyraformer/pyraformer/pam_tvm.py,2407,d6bedb7f7f6fa0cc056ef1e6670a5c89015a703fd79f6bfac5111899269e28e8
patchtst/patchtst_supervised/formers/pyraformer/pyraformer/pyraformer_lr.py,5153,0fda6f064161bef98ab10b0ffa055e978e7e1b3344bb2ac3d44ff71c76e7d0f2
patchtst/patchtst_supervised/formers/pyraformer/pyraformer/pyraformer_ss.py,3194,21b3880bebe88b3eb83af32021ae1b0b1d5cfa541c3bd2cd7a39bb632fc29fb2
patchtst/patchtst_supervised/formers/pyraformer/pyraformer/sublayers.py,3325,4f62800130a95380007389cd767e1d9bef938c525f7d87584ce9d1b64791f3b0
patchtst/patchtst_supervised/formers/pyraformer/readme.md,5771,e764b2f7b9fd46ceb70ae9f10fe1588b79d693b402602b7fe7e6b887fdba07c5
patchtst/patchtst_supervised/formers/pyraformer/requirements.txt,1688,04694688fcdf57166a4a969632fd8f906cf21442edb8c83a51be70e866ddef57
patchtst/patchtst_supervised/formers/pyraformer/scripts/longforecasting.sh,6633,56b6ccff391093e1cd77a8314821604a8bcd784b277d2a1dcf21ca3e4b667ff8
patchtst/patchtst_supervised/formers/pyraformer/scripts/lookbackwindow.sh,2578,290c208b798bdf5f04169f43757172f69b995060f73027d99931502d55f9c316
patchtst/patchtst_supervised/formers/pyraformer/simulate_sin.py,2983,565580128028aae2ca38b34323d3cfbb0dfa8dc5448a8a13088b67ae82f357d9
patchtst/patchtst_supervised/formers/pyraformer/single_step_main.py,10858,56325bec0351a5f091c186d9cea80182315c62c8b7d6c484025ce415eecd7ac8
patchtst/patchtst_supervised/formers/pyraformer/utils/timefeatures.py,4665,e96477bcd61ba0dc294ee33fd51defc82e1ab280107ee742924dac3963aad3c9
patchtst/patchtst_supervised/formers/pyraformer/utils/tools.py,2759,9f1dbd80a243f35711eed88248ac3dea2be3538ca4f3ca856217b2076fe0028f
patchtst/patchtst_supervised/formers/transformer.sh,5198,7316e732a64aaf90e9abe5599767ac5278cc135b42c0e056dfe593ed06ade11e
patchtst/patchtst_supervised/layers/autocorrelation.py,6703,b185cfe3549d4052bb3a9df6aa635dd5b6a2e0849b9432151529c9ebc1e87c09
patchtst/patchtst_supervised/layers/autoformer_encdec.py,6335,6e6a67d9a71d02b70d469dac0bbb804180dc556cb366841f32c1a0e71474e93b
patchtst/patchtst_supervised/layers/embed.py,6735,68208f72a54876252302df6e45860c0c53e12436ebb2555bd48a3b1ae0d313bb
patchtst/patchtst_supervised/layers/patchtst_backbone.py,18345,01262304262d8143e2618ca49102f13b8400f7fda99b0f7b3377c0e1bd49ecfa
patchtst/patchtst_supervised/layers/patchtst_layers.py,4840,6f3351f661cfc772883b1015f200ee987e698e98a9682de6c366aa495036c225
patchtst/patchtst_supervised/layers/revin.py,2146,87c45e9cf9b7675cfb94d626b8445f0b64c427775a5ecf276a2b6b1aa0e4e4c6
patchtst/patchtst_supervised/layers/selfattention_family.py,6246,c8867e3433842d95cfd342110e93ea8c46d2ab03b8332ff24e77eabcb6b85196
patchtst/patchtst_supervised/layers/transformer_encdec.py,4718,bb135608273b996c3b656bfb472c7f637ff1b6667c8dbfedea1f0ded0f8ed878
patchtst/patchtst_supervised/models/autoformer.py,6286,c97f260661053db39ef5bcd9f51d48dda8afbabcc0e5394292ff6aa2ab5f3764
patchtst/patchtst_supervised/models/dlinear.py,3748,190859fc67db235cdd9c27c7590776f402b59e7b67804b52ee2757715f7fc9e3
patchtst/patchtst_supervised/models/informer.py,5181,6537d8217c7bf68e1cbf44e7da2cef7163e107c54d5758ad8f207f86b9ba8879
patchtst/patchtst_supervised/models/linear.py,727,03eda57218aaea6be10d69c45fbb64d5f4feaa1fd65a1d5fbd8f485fe9eb08c1
patchtst/patchtst_supervised/models/nlinear.py,818,6a1734232031cbe39159cb2ff8fc46bdeabfaeca54b4a4112946276ab9d85ce3
patchtst/patchtst_supervised/models/patchtst.py,5532,4456aa464205bd843126ed32aa55a3e203a21e84ae0526cff3f116d1430f0620
patchtst/patchtst_supervised/models/stat_models.py,4068,e1756217ec16cb3b56a986349fa758785dd72d2dde82925948b113ab43414d7b
patchtst/patchtst_supervised/models/transformer.py,4889,8c1952daef663a2cd7fcb186a82ea5e4f558f71c48035aa1a0471275420c62e0
patchtst/patchtst_supervised/requirements.txt,54,0f8babadc4f8cefcd6eb27e935061420528412547f1e4bdd0f7769b6abd59e33
patchtst/patchtst_supervised/run_longexp.py,10668,7593241ad65e06ef5543f76d5866f0832695f8c2841640757c0ecbd61bee47ff
patchtst/patchtst_supervised/scripts/linear/electricity.sh,1793,3bdd6e68a56b85ebb5b3642e53a14c5f405fe094289bab5c28fe9bdfc5314b9f
patchtst/patchtst_supervised/scripts/linear/etth1.sh,1695,816638f7b9eb4ceaccad889761bc832b8918a873a8016e5798c5fbc071e5f4c9
patchtst/patchtst_supervised/scripts/linear/etth2.sh,1691,0a7b6f2ac60d742c2af289eef95c55790a0c6771d8ab4a7422e717eb71366703
patchtst/patchtst_supervised/scripts/linear/ettm1.sh,1695,43d183cefcdfdbe0f9b943afdf04188390239d79f216e32241227482613abe66
patchtst/patchtst_supervised/scripts/linear/ettm2.sh,1693,2184017cd1335607254f1e03f450d050c8c1e3244be0e67226ab97f5fa88ed66
patchtst/patchtst_supervised/scripts/linear/exchange_rate.sh,1762,154107c6eb2604328512dafd2d216e07d43bd5c078d25d929e25314f15a15aca
patchtst/patchtst_supervised/scripts/linear/ili.sh,1846,5930c12f0ae706f8127c4cd5a09195f197ffcbfeec9462615ae26a9326029c39
patchtst/patchtst_supervised/scripts/linear/traffic.sh,1740,8a0c3ef4368bee1e0c737cd59ae60cb82809bb1fd168baa4726c08067e36f15b
patchtst/patchtst_supervised/scripts/linear/univariate/etth1.sh,2438,126ac5e669682e0f7329edd5d0d3412265db5bee187bee6833d83e17e4a219c1
patchtst/patchtst_supervised/scripts/linear/univariate/etth2.sh,2438,2f91f4e0c48e1c2e126f98ae5def0c512ef41bd493d7b6c2169decb2aae59f2c
patchtst/patchtst_supervised/scripts/linear/univariate/ettm1.sh,1722,0d78345479d254d48e8f81f2c9118e1ef762bd146748868ee99aef4ce852093c
patchtst/patchtst_supervised/scripts/linear/univariate/ettm2.sh,1726,d739cffcbef68582e2244f3d74ecb8c68796d01c1eb6735c71ce2ecf9d171031
patchtst/patchtst_supervised/scripts/linear/weather.sh,1644,3baa9a86a2646af395783a80eea9332ba875f27d9ee78792a064ca524bc7c3e7
patchtst/patchtst_supervised/scripts/patchtst/electricity.sh,1120,e20aefa2c3ebda862dab6eb9f970b2f139c8b30b8d294fd3f8ed355816808920
patchtst/patchtst_supervised/scripts/patchtst/etth1.sh,1039,556c87cd7dd795094ff6cb73465e84c90686017e1535e0ba23ed43683b9b0897
patchtst/patchtst_supervised/scripts/patchtst/etth2.sh,1039,fbe25de2a3478cc7b3b1f6f3e97b77b7949ff18bd2de3f723d8296269b17364d
patchtst/patchtst_supervised/scripts/patchtst/ettm1.sh,1106,6b4fd17c3da9471f29556b92f7c788e667a108548ebb0919d24ecea4b3d36aa5
patchtst/patchtst_supervised/scripts/patchtst/ettm2.sh,1107,9118c71d9faa01fb4cb1751a0d06d6cfd8426958a55874e67847f70540efaa15
patchtst/patchtst_supervised/scripts/patchtst/illness.sh,1084,e9b69453bf5bfd363ad62e5327954c87848bb8576cf5d46fa236372a44741c3e
patchtst/patchtst_supervised/scripts/patchtst/traffic.sh,1112,8f9146485fe19bf90fd747b85ad0e8c57a37fcbe55c638538b8dced4a30499f1
patchtst/patchtst_supervised/scripts/patchtst/univariate/etth1.sh,1157,003876f706c012e0e230f88a0dddee4436ee8dd3ead7c00ce005478c0e0b18d7
patchtst/patchtst_supervised/scripts/patchtst/univariate/etth2.sh,1157,527e832bf57128682a896997ee8b90c22870cfff0a08b062dd140e243fa87a72
patchtst/patchtst_supervised/scripts/patchtst/univariate/ettm1.sh,1224,d7a970d7d7778c232fabcc50430ffba4fe41518f0376b87964733696b79d1528
patchtst/patchtst_supervised/scripts/patchtst/univariate/ettm2.sh,1225,09c543fa6ed14844517adede57520c9f132bed6fcf480700e1dd699a203d43a0
patchtst/patchtst_supervised/scripts/patchtst/weather.sh,1068,3f9e2d58fa3f3cb725f7d10b98e99fa1226c07899c2d4a20f7c9eae98a7f386b
patchtst/patchtst_supervised/utils/masking.py,858,c22de70ad076f4eeecc857aba984741da05da54375333399ff2742b041544986
patchtst/patchtst_supervised/utils/metrics.py,995,dcfecc6eca34d7761cd3a4c95bf8300da0acb19d6b097fde4da08390513a6c48
patchtst/patchtst_supervised/utils/timefeatures.py,3877,8789bfdad611ca0501a10d76240438bdbeaaa15a42f3c3d97f359fb2d3f3dc45
patchtst/patchtst_supervised/utils/tools.py,4388,83fd3527d554b0e09a03b2f2ff126fa72f1a9d95b0d6c7453a56dcbd1020dfdd
patchtst/readme.md,5508,4d24245ec9c13c020f0b7e0253145e92c7d203ecbf24c6cc28821819d3c378bd
pathformer/data_provider/__init__.py,2,7eb70257593da06f682a3ddda54a9d260d4fc514f645237f5ca74b08f8da61a6
pathformer/data_provider/data_factory.py,1471,709c67c115066b56d3bd290eac6efbbd49bbb6b21a83483a0e58f5a279b4519b
pathformer/data_provider/data_loader.py,18203,68881e7ae5c6d7a5d3e94963e2949330bf57fbad453e0e6b7d5815df9c5794c0
pathformer/exp/exp_basic.py,914,a0ebeed5331d9d5a0fd4eb31a804fdd578b000b4225765e0b31bb2c6671dce6e
pathformer/exp/exp_main.py,12990,bacdb195332e442bfc9946e2a34974522a7f90ae186575b6cd094589fcda4235
pathformer/layers/ams.py,5595,4245773524018f596907f1a6bca2edf8e5985f91ecff9ea60ae645ce3d8057ae
pathformer/layers/embedding.py,7944,1f0ab11dc68a4908f6735823d1a9c8ae3228c0668d1a353ebdc35848721a1a9b
pathformer/layers/layer.py,15786,a286d5657e2d6edba9ac6287656bf9ebc7f93138cc27321a30fc8f27e06f774e
pathformer/layers/revin.py,2071,486c3d24e2d776c066e21b6f57b3bd556f501c210c58941de4d00a0ca3484c6b
pathformer/models/pathformer.py,2449,0e437e4df834af164cffe4955099df6c1163e2281d31cb16c91190be9a37b39c
pathformer/readme.md,2755,e140f6b71708e9bee230d0b7aabaa559bc102e070407402bda28f7eade552ed0
pathformer/requirements.txt,201,d1ec27aba6bf0cbb9887341d9e647df460de43f4781e7aa20ba7e6fa87527b9d
pathformer/run.py,6510,2e54391f7c8315d79b48e790bf0882e2b471d15dee75ce88e7ede701f95cd579
pathformer/scripts/multivariate/electricity.sh,1078,6d66e160224d033d36f70f0a4723f47a18833c66f11c45055e05dfe016f66d97
pathformer/scripts/multivariate/etth1.sh,3361,2b8cbf8e8e32985249a44db3f9d4162b0a2934861d870832a01bbe076d8c9e93
pathformer/scripts/multivariate/etth2.sh,3307,6c92be68c077dfd60309723526aa129571576b80d743fac39a4dbb2e95731203
pathformer/scripts/multivariate/ettm1.sh,1055,6332d03aad482ff3ea8b5b5a46759753d469cd4900343573b95b942b69f32730
pathformer/scripts/multivariate/ettm2.sh,1000,ec7d4c27e5ccc295d1b958178dbd5e9a5ccf6af48a37813737c95307d295d79d
pathformer/scripts/multivariate/traffic.sh,1063,797998fb400622e103c7764db767c2c457533df86900e16c71d6d19b34c771f8
pathformer/scripts/multivariate/weather.sh,1036,7d146186f187e8d70c08d00137fa66cefccf93bfd631447b6c46606a595d295f
pathformer/utils/decomposition.py,1615,06317d180eb4500248fd4b921f5f36c59a57d606539cde299459d1e60b04ab49
pathformer/utils/masking.py,856,58b516a6739444d57eb4f2ff8440d753aca89fb361dca9ac63615db985e108b1
pathformer/utils/metrics.py,993,864a785fd4cc5c7c7a25d11e89c0dc3951ecbce20f0dfa5e9910ede68c072a66
pathformer/utils/other.py,7743,1660fa42b407ae3b77dca5ef8d0f73adfc68736764a52b9f10643aa627af3a7a
pathformer/utils/timefeatures.py,3877,8789bfdad611ca0501a10d76240438bdbeaaa15a42f3c3d97f359fb2d3f3dc45
pathformer/utils/tools.py,4596,bc05963f75e91db70cd859d5c0e27f091b0ebbeb05b54a250254e802880c214b
