layer,window_id,origin,stratum,forecast_mse,pc1,pc2,pc3
layer0,515,0,0,0.08810197561979294,-0.2631932288493584,-0.3448533208727502,0.09909434562728593
layer0,614,0,0,0.09313692897558212,-0.2567867434290547,-0.14347186609745527,-0.2657075236823674
layer0,732,0,0,0.05591462925076485,-0.19189147834492692,-0.38801857649156185,-0.05729513485748214
layer0,818,0,0,0.08699125796556473,-0.1326704940435098,-0.18401886814200083,-0.35329871358432247
layer0,974,0,0,0.07443465292453766,0.0776172891922635,-0.1656603507953872,-0.3211907337971424
layer0,1283,0,0,0.0852089375257492,0.32637669908555034,-0.5503807833724621,0.062031314089807575
layer0,1299,0,0,0.08592375367879868,0.24001914796402926,0.2005272239146903,-0.43613641456166335
layer0,1514,0,0,0.09030637890100479,0.1511258410799361,-0.14603580311536174,-0.5247541368539481
layer0,1629,0,0,0.07725700736045837,0.26060501526527535,-0.11367701499970129,0.542912648324032
layer0,1630,0,0,0.061657700687646866,0.2949581585720315,-0.4034840848267668,0.36212324037934013
layer0,1667,0,0,0.07794439792633057,0.4566088910496725,-0.5557896069918045,0.11649480827186055
layer0,3022,0,0,0.08445589989423752,-0.9023652861718292,0.20982508679365938,0.8475904742015196
layer0,3132,0,0,0.0741678923368454,-1.1122081642337838,-0.6550259813240575,0.4794710029336136
layer0,3237,0,0,0.058089807629585266,-1.3300348146720746,0.38944802290550057,0.44949974931513936
layer0,3240,0,0,0.05561278015375137,-1.1425108676833633,-0.5261812854177361,0.3344054002052999
layer0,3269,0,0,0.09461358934640884,-1.2183465043141577,0.1706023047599164,-0.48117779354492307
layer0,3515,0,0,0.06243618577718735,-0.702456812916982,-0.4319495211131443,0.10606351757037495
layer0,3599,0,0,0.07831751555204391,-0.29580123279194276,-0.45176319407448684,0.03619611265373211
layer0,4716,0,0,0.08979746699333191,-0.5950589190236402,-0.4253451646550051,-0.30680055054721445
layer0,4776,0,0,0.08740780502557755,-0.6702733698111272,-0.37229134900767136,-0.27937684602285967
layer0,5253,0,0,0.07152901589870453,0.6761990474006427,-0.32338708173157654,0.263638662485352
layer0,5256,0,0,0.07499679923057556,0.7171958967027748,-0.18582782909585963,-0.34158636699683564
layer0,5422,0,0,0.08284489810466766,1.0153111560115362,-0.4445181410911333,0.030581437799698998
layer0,5759,0,0,0.05523794889450073,1.2065747964134166,-0.5340659067062956,-0.044223764584313915
layer0,485,0,1,0.10887666046619415,-0.39097768455329146,0.32298400875473915,-0.09348535633739571
layer0,775,0,1,0.1297258734703064,-0.3026476014169676,0.35183600518328106,0.20840635813137665
layer0,1227,0,1,0.12399803102016449,0.1411408900806967,0.19975071639439346,-0.5053727590893693
layer0,1235,0,1,0.10250509530305862,0.26966615482926487,-0.5901591049487331,0.08593392600941238
layer0,1417,0,1,0.11559368669986725,0.3232786585050397,-0.3852688066673096,-0.43391308853790145
layer0,1720,0,1,0.09886251389980316,0.3000689637318597,0.37460812220171835,-0.33363901382469485
layer0,1893,0,1,0.10740203410387039,0.2625063751664248,-0.05250331935429635,0.3899249114186472
layer0,2018,0,1,0.11050130426883698,0.4336713169852617,-0.1473748400644208,-0.32640850361012747
layer0,2118,0,1,0.12367060035467148,0.477553075787223,0.43325286805678015,0.03689034566780029
layer0,2319,0,1,0.10915116220712662,0.6963181974600097,0.014998251401361589,-0.3825663971523494
layer0,2355,0,1,0.12068819999694824,0.7061097491957782,0.011415205625233687,-0.34664443334555706
layer0,2364,0,1,0.11271567642688751,0.7636740640725351,-0.3495259792516586,0.007081541168355835
layer0,2528,0,1,0.12592288851737976,0.7522916873167379,0.3164508228995471,0.2567014474344559
layer0,2553,0,1,0.12361574172973633,0.6795364855700425,0.20522872594251057,0.412153250609706
layer0,2671,0,1,0.12466714531183243,0.3360435593100273,0.6835233587162415,-0.07256592953350728
layer0,2683,0,1,0.10115911811590195,0.28280999191193545,0.667712018333422,-0.0703102649400186
layer0,3604,0,1,0.11366451531648636,-0.3959646815483483,0.31313060884306626,-0.23125810787088003
layer0,3626,0,1,0.10852929949760437,-0.36036509330328304,-0.08335885697272927,-0.3621712589059722
layer0,5103,0,1,0.13337883353233337,0.028519965247776103,0.38854728302403724,-0.3055877571724836
layer0,5132,0,1,0.09770754724740982,0.14484724358848078,-0.15158217004810604,0.4161415341864949
layer0,5282,0,1,0.12101559340953827,0.8574414525912529,0.2842279486684052,-0.3123063124793682
layer0,5393,0,1,0.11291822046041489,0.9161098376870499,0.4669565280758116,0.1682922283777069
layer0,5476,0,1,0.1311182826757431,0.8628697532837295,0.5392883947218078,-0.10479179929467565
layer0,5770,0,1,0.13059554994106293,1.164570571701274,-0.4529986248651368,0.20244092749317338
layer0,379,0,2,0.14347994327545166,-0.4431928251932184,0.2393006252473545,0.16162538668425094
layer0,463,0,2,0.16470016539096832,-0.4533088547879267,0.26325672922253346,0.19928760028921774
layer0,1170,0,2,0.1435490995645523,0.02909358297086926,0.5757093940153636,0.1485134247065492
layer0,2552,0,2,0.13584178686141968,0.7162425225772853,0.35915273540760784,0.2654559019371755
layer0,2705,0,2,0.20746031403541565,0.33891854020755174,0.29817297642033425,-0.5426831018247505
layer0,3363,0,2,0.16852892935276031,-1.1451964215215418,-0.2629316109180054,-0.4761988704852755
layer0,3365,0,2,0.20797647535800934,-1.1658028722031952,0.25695369224022296,-0.3534950513585826
layer0,3978,0,2,0.18775972723960876,0.20837587804712598,0.49750007831606086,0.28046998962135883
layer0,4026,0,2,0.23954759538173676,0.15380657010176535,0.48861791948768507,0.27538476514607896
layer0,4198,0,2,0.20986534655094147,-0.10678695253186872,-0.5384198125429083,0.23561692638036813
layer0,4374,0,2,0.17497222125530243,-0.8400770474131455,0.42730399102847955,0.20144017324947433
layer0,4406,0,2,0.19186362624168396,-0.8734911293346053,-0.0369767181194773,-0.418272521712166
layer0,4409,0,2,0.21145819127559662,-0.8548649901594201,0.4936878964133359,0.07389835984296868
layer0,4435,0,2,0.16583222150802612,-0.9070209768471399,0.21936280330410712,0.3709115035530873
layer0,4481,0,2,0.1734115034341812,-0.8252162137046362,0.5043490373814392,0.06992863157409544
layer0,4533,0,2,0.20642739534378052,-0.7542940550704172,-0.33839761491082687,0.4585759136518515
layer0,4722,0,2,0.15109118819236755,-0.7326430831664877,0.3758154860955509,0.27576518714500897
layer0,4826,0,2,0.1514299511909485,-0.6065290709034561,0.055097694176732506,-0.4047554062774936
layer0,4891,0,2,0.14905066788196564,-0.5058507492803823,0.1958379012152395,0.4452527481085584
layer0,4937,0,2,0.14661738276481628,-0.3252040805894048,0.5155261556416738,0.13584308799756137
layer0,4955,0,2,0.21851816773414612,-0.10090806450253649,-0.5682933182624261,-0.11627615490157889
layer0,5584,0,2,0.13760673999786377,0.8570207929744265,0.5277351046316511,-0.16655506807780265
layer0,5738,0,2,0.18650618195533752,1.0973993165725358,0.07112760088643809,-0.4377683238221411
layer0,5739,0,2,0.18271178007125854,1.119129784943277,0.3386166108685307,-0.3835922258970259
layer0,515,6,0,0.08810197561979294,-0.33517564382254694,0.3152223187348439,-0.09421125852624584
layer0,614,6,0,0.09313692897558212,-0.27781772043512115,0.11117514689835162,0.3231020772611653
layer0,732,6,0,0.05591462925076485,-0.3212755639755439,0.40426003613420036,0.01898672863031947
layer0,818,6,0,0.08699125796556473,-0.14654037999270747,0.14272856914227858,0.41351941854301116
layer0,974,6,0,0.07443465292453766,0.07625880098738744,0.14612443804805586,0.38763655004641845
layer0,1283,6,0,0.0852089375257492,0.2047922345874413,0.5328505553126357,-0.03536026326228728
layer0,1299,6,0,0.08592375367879868,0.26984775468299227,-0.1598217935441042,0.44039600638596327
layer0,1514,6,0,0.09030637890100479,0.14705423781041232,0.14183005613003816,0.5841234988593426
layer0,1629,6,0,0.07725700736045837,0.2535810558147402,0.16769788891714174,-0.507417368647512
layer0,1630,6,0,0.061657700687646866,0.24299499762444218,0.42930094198083224,-0.38484270857898606
layer0,1667,6,0,0.07794439792633057,0.3122608661343317,0.5196801902204976,-0.0846436322203767
layer0,3022,6,0,0.08445589989423752,-0.7969370158410429,-0.30448780634926664,-0.8561818502068186
layer0,3132,6,0,0.0741678923368454,-1.3022100739429625,0.5379559953022102,-0.49585801774422533
layer0,3237,6,0,0.058089807629585266,-1.2057638391359682,-0.45679964403527723,-0.45016711992148173
layer0,3240,6,0,0.05561278015375137,-1.2924091922976428,0.42880265519296934,-0.35499078151579727
layer0,3269,6,0,0.09461358934640884,-1.2025471148673494,-0.31052851748876703,0.5041829435479434
layer0,3515,6,0,0.06243618577718735,-0.7641379409792066,0.38139228197834285,-0.09367994585875211
layer0,3599,6,0,0.07831751555204391,-0.42265952216545777,0.3858720244581659,-0.022092414956347103
layer0,4716,6,0,0.08979746699333191,-0.7325746457873196,0.3773566967219973,0.27658718226785745
layer0,4776,6,0,0.08740780502557755,-0.7535302980708227,0.3605144200417547,0.2401185937677869
layer0,5253,6,0,0.07152901589870453,0.6765580228770318,0.43545490189456937,-0.23040616456656837
layer0,5256,6,0,0.07499679923057556,0.6619679632026679,0.3064812998489722,0.3284976526671661
layer0,5422,6,0,0.08284489810466766,0.8802722920908777,0.510295893516938,-0.06784629812143832
layer0,5759,6,0,0.05523794889450073,1.0534741034508452,0.6003568082245472,0.020733342546992398
layer0,485,6,1,0.10887666046619415,-0.30467764177793016,-0.3887603455907917,0.10246421146480605
layer0,775,6,1,0.1297258734703064,-0.18305098627785235,-0.3260321629599911,-0.252108592918399
layer0,1227,6,1,0.12399803102016449,0.1739099002792171,-0.16427397195327115,0.5051747665589811
layer0,1235,6,1,0.10250509530305862,0.17041173120348513,0.6002117568467523,-0.04582275914204864
layer0,1417,6,1,0.11559368669986725,0.18900145667943216,0.43171864044248975,0.37801629948060683
layer0,1720,6,1,0.09886251389980316,0.3462462063584034,-0.3531290319814904,0.29767787136481877
layer0,1893,6,1,0.10740203410387039,0.2696517353304286,0.10158366594327706,-0.37203574322546634
layer0,2018,6,1,0.11050130426883698,0.44254602508650664,0.16944124759414553,0.3810726618560511
layer0,2118,6,1,0.12367060035467148,0.6236407550678283,-0.3385445303796579,-0.06707921640642711
layer0,2319,6,1,0.10915116220712662,0.6611251747012072,0.0526635508623837,0.40083754959751244
layer0,2355,6,1,0.12068819999694824,0.6721335849968854,0.06726167094423488,0.3826053328141097
layer0,2364,6,1,0.11271567642688751,0.5995594801244492,0.4113184130382376,-0.05123977623849255
layer0,2528,6,1,0.12592288851737976,0.7625762162783422,-0.2746666870730822,-0.19168933164538823
layer0,2553,6,1,0.12361574172973633,0.723681994228355,-0.14802064585504293,-0.387754230182496
layer0,2671,6,1,0.12466714531183243,0.5139449917753864,-0.6440455992630375,0.010366788685618961
layer0,2683,6,1,0.10115911811590195,0.44309211444601454,-0.6579384090768559,-0.007698528227539231
layer0,3604,6,1,0.11366451531648636,-0.3516190262808633,-0.3363850257604931,0.18886578341947913
layer0,3626,6,1,0.10852929949760437,-0.32790972348996844,0.045197497471311236,0.44476281738676554
layer0,5103,6,1,0.13337883353233337,0.10940991497402452,-0.3516815606489594,0.3134351707808161
layer0,5132,6,1,0.09770754724740982,0.1197750760459873,0.16639741937244082,-0.36278246231477923
layer0,5282,6,1,0.12101559340953827,0.9568499035011773,-0.18380140497950687,0.39069529031803363
layer0,5393,6,1,0.11291822046041489,1.0649722469439191,-0.3849187757857402,-0.1805760264314907
layer0,5476,6,1,0.1311182826757431,1.0004310912487309,-0.45654226342514787,0.07123017966901017
layer0,5770,6,1,0.13059554994106293,1.0445144972444333,0.5536014001185808,-0.2552486822578911
layer0,379,6,2,0.14347994327545166,-0.40517401902282524,-0.2742420922895292,-0.2035230603309898
layer0,463,6,2,0.16470016539096832,-0.40024369733712833,-0.2849574264385093,-0.2321137664864458
layer0,1170,6,2,0.1435490995645523,0.22470008919370713,-0.5437588615152725,-0.19161656254733067
layer0,2552,6,2,0.13584178686141968,0.7209204806768779,-0.3382493216156405,-0.20539231698137378
layer0,2705,6,2,0.20746031403541565,0.2955072928962986,-0.3753562884004527,0.5855759892057574
layer0,3363,6,2,0.16852892935276031,-1.2239194460148495,0.176816584272478,0.43424614436098985
layer0,3365,6,2,0.20797647535800934,-1.0821563832685934,-0.3661147583928797,0.3520885199841368
layer0,3978,6,2,0.18775972723960876,0.42243442526382485,-0.4085162266500425,-0.3280510631554466
layer0,4026,6,2,0.23954759538173676,0.3122203125782517,-0.4704425296818327,-0.3315579586016527
layer0,4198,6,2,0.20986534655094147,-0.1701767754726204,0.5002865155635694,-0.2984898113763029
layer0,4374,6,2,0.17497222125530243,-0.6760910934379432,-0.4516372526745884,-0.2565255986711585
layer0,4406,6,2,0.19186362624168396,-0.7969867046898568,-0.07562579232343516,0.50850340175187
layer0,4409,6,2,0.21145819127559662,-0.6425795370273897,-0.5959340582335727,-0.11010146551988294
layer0,4435,6,2,0.16583222150802612,-0.8489298232227697,-0.24214476178665578,-0.44682125899420283
layer0,4481,6,2,0.1734115034341812,-0.6255424318600462,-0.6323239782991777,-0.09285705721101527
layer0,4533,6,2,0.20642739534378052,-0.7419074256204474,0.2669145190034544,-0.37729653137736996
layer0,4722,6,2,0.15109118819236755,-0.6159031289874527,-0.3890525970104442,-0.3132752728074064
layer0,4826,6,2,0.1514299511909485,-0.5436181109263235,-0.10383244201487728,0.46890795227934123
layer0,4891,6,2,0.14905066788196564,-0.42962123070941016,-0.17641211630383422,-0.5231372990256498
layer0,4937,6,2,0.14661738276481628,-0.13188390781280324,-0.5759957078571495,-0.12573863201703422
layer0,4955,6,2,0.21851816773414612,-0.2737109859864511,0.522352225503282,0.12784010307035606
layer0,5584,6,2,0.13760673999786377,1.0007037041315285,-0.4327736198941192,0.12518483919301562
layer0,5738,6,2,0.18650618195533752,1.1043990466188816,-0.00702097322534256,0.5166193573103872
layer0,5739,6,2,0.18271178007125854,1.1441926965631515,-0.2602506752863908,0.44430270438649483
layer1,515,0,0,0.08810197561979294,-0.35665302059133064,-0.26230946722445436,-0.2048667788806894
layer1,614,0,0,0.09313692897558212,-0.24589187753595643,0.15393451269576794,-0.2151715362826379
layer1,732,0,0,0.05591462925076485,-0.3388738643128883,-0.29992191637894583,-0.4047598463977807
layer1,818,0,0,0.08699125796556473,-0.17776886800941177,0.20307317791997911,-0.3972977392974656
layer1,974,0,0,0.07443465292453766,0.012065413805887383,0.1836593415924144,-0.4481952119633023
layer1,1283,0,0,0.0852089375257492,0.1452993467432251,-0.6004211062264789,-0.5350597026147846
layer1,1299,0,0,0.08592375367879868,0.3851755289982519,0.5933718390550659,-0.18887590906494262
layer1,1514,0,0,0.09030637890100479,0.20226945456562775,0.4458335799943168,-0.5313082680846962
layer1,1629,0,0,0.07725700736045837,0.14441937898167262,-0.824325673284895,0.28859825833722963
layer1,1630,0,0,0.061657700687646866,0.12938304758137437,-0.8027560052679662,-0.1736690055060323
layer1,1667,0,0,0.07794439792633057,0.26012118870418693,-0.6690778069409512,-0.5266874482770297
layer1,3022,0,0,0.08445589989423752,-1.028346601755843,-0.6862396420163851,1.0094687011502381
layer1,3132,0,0,0.0741678923368454,-1.447865421082161,-0.9744849932566556,-0.037795905031904706
layer1,3237,0,0,0.058089807629585266,-1.4147697428409651,-0.16593016181858009,0.9098163065122036
layer1,3240,0,0,0.05561278015375137,-1.4385565355400323,-0.7818252199775436,-0.062383482683976386
layer1,3269,0,0,0.09461358934640884,-1.1340567563235218,0.867180944213198,-0.24084999111358063
layer1,3515,0,0,0.06243618577718735,-0.8367759139190754,-0.34787794100960934,-0.2961526548035715
layer1,3599,0,0,0.07831751555204391,-0.4184317471956891,-0.3287193466235718,-0.4166818169133751
layer1,4716,0,0,0.08979746699333191,-0.7783222500611161,0.27687519354015566,-0.6539546462888899
layer1,4776,0,0,0.08740780502557755,-0.7778527291255096,0.28894128383658224,-0.5063584781130709
layer1,5253,0,0,0.07152901589870453,0.5882863909614007,-0.723805631924617,-0.23912777749859293
layer1,5256,0,0,0.07499679923057556,0.656271668722843,0.18011774486233822,-0.5881165756782596
layer1,5422,0,0,0.08284489810466766,0.8235359580886166,-0.5413941881099783,-0.539917369524342
layer1,5759,0,0,0.05523794889450073,1.0124696016080577,-0.3224660290368732,-0.6227313647740488
layer1,485,0,1,0.10887666046619415,-0.19202076133258947,0.27869929456361925,0.20368994386269956
layer1,775,0,1,0.1297258734703064,-0.2312509778761491,-0.03684483979791349,0.5157673807132056
layer1,1227,0,1,0.12399803102016449,0.2965062073067985,0.6207128538450586,-0.19487425676256198
layer1,1235,0,1,0.10250509530305862,0.08843823927055194,-0.5853434069474235,-0.5361651785480372
layer1,1417,0,1,0.11559368669986725,0.21408942766603825,0.11669323992807717,-0.7639024926164811
layer1,1720,0,1,0.09886251389980316,0.48719766732712033,0.6882295346197399,0.021866437568927005
layer1,1893,0,1,0.10740203410387039,0.1830561348113288,-0.6383920628378209,0.2826795839539158
layer1,2018,0,1,0.11050130426883698,0.44453033582029755,0.22966669463526718,-0.4530627288778495
layer1,2118,0,1,0.12367060035467148,0.685217472294958,0.3391848190625079,0.4052382293373333
layer1,2319,0,1,0.10915116220712662,0.8155705736042064,0.40977474203234654,-0.373223437261095
layer1,2355,0,1,0.12068819999694824,0.8143864209306727,0.39313927746296357,-0.37177084984427855
layer1,2364,0,1,0.11271567642688751,0.5711298887852134,-0.5503532260142058,-0.4391141754100034
layer1,2528,0,1,0.12592288851737976,0.747223279335383,-0.06608506915485143,0.5631461746680282
layer1,2553,0,1,0.12361574172973633,0.6138465635506675,-0.47550334159047847,0.508699960000468
layer1,2671,0,1,0.12466714531183243,0.533107114078109,0.7380436496802175,0.5121353554340565
layer1,2683,0,1,0.10115911811590195,0.48490324776992383,0.7014836294991419,0.537876193883495
layer1,3604,0,1,0.11366451531648636,-0.21381048092449212,0.5301814195918906,0.22333016590074758
layer1,3626,0,1,0.10852929949760437,-0.2701802012931972,0.39977448455070536,-0.2363010774122628
layer1,5103,0,1,0.13337883353233337,0.30837340782678313,0.6060411743782923,0.2085440059486188
layer1,5132,0,1,0.09770754724740982,0.18483142447705903,-0.6758730730134714,0.15658957250104089
layer1,5282,0,1,0.12101559340953827,0.9269033836343388,0.48979867566431734,-0.033306233823789846
layer1,5393,0,1,0.11291822046041489,1.0217732708233904,0.07867991077596659,0.6071585796537081
layer1,5476,0,1,0.1311182826757431,0.9878809862255385,0.44789420055385754,0.4046931516696559
layer1,5770,0,1,0.13059554994106293,0.9812579460439522,-0.5886196719706576,-0.44511409709258976
layer1,379,0,2,0.14347994327545166,-0.36804456481732395,-0.02764500915697778,0.2737698716586336
layer1,463,0,2,0.16470016539096832,-0.36292587096745316,-0.07105648523926054,0.29064027981826035
layer1,1170,0,2,0.1435490995645523,0.24471742178263803,0.22778541954976356,0.6645372521567432
layer1,2552,0,2,0.13584178686141968,0.7178507323302253,-0.013546755855006566,0.5996793519846906
layer1,2705,0,2,0.20746031403541565,0.5309032017044799,0.9457614630283406,-0.3024786546002788
layer1,3363,0,2,0.16852892935276031,-1.109804629504628,0.3397983384515431,-0.4255389918909141
layer1,3365,0,2,0.20797647535800934,-0.9996418659622585,0.6805973740643833,0.009312745042662253
layer1,3978,0,2,0.18775972723960876,0.39288600495323334,0.04163115364212616,0.7071547030906923
layer1,4026,0,2,0.23954759538173676,0.37918855227429693,0.0689372717768306,0.6660103267495103
layer1,4198,0,2,0.20986534655094147,-0.200448732353611,-0.475206123300815,-0.44068141768576796
layer1,4374,0,2,0.17497222125530243,-0.6135944165432295,0.13063837654748434,0.6438741174172008
layer1,4406,0,2,0.19186362624168396,-0.855322445158747,0.6925356888523134,-0.19937940589759892
layer1,4409,0,2,0.21145819127559662,-0.6499503057626239,0.4736590783512303,0.6218203569191468
layer1,4435,0,2,0.16583222150802612,-0.7913991332556631,-0.19671502139472247,0.513577683647656
layer1,4481,0,2,0.1734115034341812,-0.6232979622289598,0.4309203130809675,0.6136214845768696
layer1,4533,0,2,0.20642739534378052,-0.8809125131991601,-0.6230155581314019,-0.05390493481535607
layer1,4722,0,2,0.15109118819236755,-0.6140784811787265,0.015046494527546235,0.692337416758696
layer1,4826,0,2,0.1514299511909485,-0.5629459209307908,0.6250231775416032,-0.08897847258093407
layer1,4891,0,2,0.14905066788196564,-0.3850534391282574,-0.42671898973148115,0.5484090630426117
layer1,4937,0,2,0.14661738276481628,-0.07744607272706466,0.2270273478880651,0.6995594233126587
layer1,4955,0,2,0.21851816773414612,-0.16327184640155054,-0.04338494589626809,-0.647032090028367
layer1,5584,0,2,0.13760673999786377,1.0041901362390753,0.4990234201487055,0.3288473636290865
layer1,5738,0,2,0.18650618195533752,1.1516542165283363,0.4031082878150559,-0.23283769457100117
layer1,5739,0,2,0.18271178007125854,1.269561732242131,0.48284237591230006,0.023337004385642988
layer1,515,6,0,0.08810197561979294,-0.13775524357377247,0.2910933988826203,0.1825903756735622
layer1,614,6,0,0.09313692897558212,-0.31121086853477264,-0.36477089052526723,0.33452335192187554
layer1,732,6,0,0.05591462925076485,-0.17643763442792348,0.2351001632352949,0.39434284732330804
layer1,818,6,0,0.08699125796556473,-0.21989609476762378,-0.44644068441713614,0.5061498481097408
layer1,974,6,0,0.07443465292453766,0.006455271863740656,-0.4437657993638682,0.5386080803944806
layer1,1283,6,0,0.0852089375257492,0.387418978021407,0.48690594113459545,0.4644055941862078
layer1,1299,6,0,0.08592375367879868,0.11780183247235797,-0.8234623813807689,0.18007731248712971
layer1,1514,6,0,0.09030637890100479,0.08962321245008954,-0.5857213928284061,0.6162744522266083
layer1,1629,6,0,0.07725700736045837,0.4059136439134844,0.6533913738727921,-0.29009614543749795
layer1,1630,6,0,0.061657700687646866,0.42967145973078574,0.7579068077658615,0.035915453475168065
layer1,1667,6,0,0.07794439792633057,0.5272438911812424,0.5724743384613513,0.39792673978584486
layer1,3022,6,0,0.08445589989423752,-0.7606943745496194,0.7517365648462615,-1.0001209592418148
layer1,3132,6,0,0.0741678923368454,-1.1407341707099143,1.217156609529197,0.02224141673827345
layer1,3237,6,0,0.058089807629585266,-1.3393693295303961,0.24341406678785915,-0.7168895753042652
layer1,3240,6,0,0.05561278015375137,-1.1920181030819508,0.9514921073659484,0.11900792301297171
layer1,3269,6,0,0.09461358934640884,-1.458405228719207,-0.7678352952642057,0.3214398689624881
layer1,3515,6,0,0.06243618577718735,-0.6081503960814032,0.4797174761816201,0.34322042554201665
layer1,3599,6,0,0.07831751555204391,-0.24832459555979802,0.39196573011270663,0.3941829784708021
layer1,4716,6,0,0.08979746699333191,-0.6214880515313745,-0.0025314633627315153,0.7157984986815589
layer1,4776,6,0,0.08740780502557755,-0.6429728015472981,-0.008915596434997758,0.600402656757126
layer1,5253,6,0,0.07152901589870453,0.818541044352601,0.4933176741219428,0.1832818039692435
layer1,5256,6,0,0.07499679923057556,0.7375952023358604,-0.29776820682470545,0.5688232283299158
layer1,5422,6,0,0.08284489810466766,0.9709847026997697,0.40160114635157,0.3903777354152287
layer1,5759,6,0,0.05523794889450073,1.239887608530123,0.23958549397709225,0.5512642967783999
layer1,485,6,1,0.10887666046619415,-0.41900849584021693,-0.24765305781935198,-0.22650569316486374
layer1,775,6,1,0.1297258734703064,-0.3094862580661922,-0.023417000150227022,-0.4747792083721634
layer1,1227,6,1,0.12399803102016449,0.02155030062250748,-0.836701428367801,0.19995939899897536
layer1,1235,6,1,0.10250509530305862,0.38392095085039585,0.5166565919178588,0.490640767378326
layer1,1417,6,1,0.11559368669986725,0.26869787488075353,-0.14901968304614804,0.7420195732103669
layer1,1720,6,1,0.09886251389980316,0.1834285420506018,-0.7888764929324329,-0.15917279801151507
layer1,1893,6,1,0.10740203410387039,0.39872907781137085,0.5073405730091473,-0.2510270758069752
layer1,2018,6,1,0.11050130426883698,0.4100285791558348,-0.3257170809941022,0.5226261388566084
layer1,2118,6,1,0.12367060035467148,0.4633061946610743,-0.42659863007758136,-0.5163926914680013
layer1,2319,6,1,0.10915116220712662,0.5876599661144019,-0.6005179610350299,0.3430696590961627
layer1,2355,6,1,0.12068819999694824,0.6045664074043487,-0.5931456190781406,0.3488188167790271
layer1,2364,6,1,0.11271567642688751,0.7766893595485935,0.45304725107744115,0.3153846715463326
layer1,2528,6,1,0.12592288851737976,0.6806887423915983,-0.08064566137367697,-0.4929806785949179
layer1,2553,6,1,0.12361574172973633,0.7445330742934843,0.2898023024122963,-0.5507856074145775
layer1,2671,6,1,0.12466714531183243,0.2101636577174211,-0.6167634485635292,-0.5991326484513114
layer1,2683,6,1,0.10115911811590195,0.14928626960051264,-0.5904004727335582,-0.6024098145725666
layer1,3604,6,1,0.11366451531648636,-0.45165177248467936,-0.4330019367746663,-0.250341713669722
layer1,3626,6,1,0.10852929949760437,-0.32334324684729854,-0.44858290866750145,0.36176276014895364
layer1,5103,6,1,0.13337883353233337,0.11113060227861773,-0.7132053939786582,-0.17402653936574947
layer1,5132,6,1,0.09770754724740982,0.2835722987989161,0.5486014782611738,-0.08230591377806407
layer1,5282,6,1,0.12101559340953827,0.8405190801700345,-0.797669364587714,0.0731091802225256
layer1,5393,6,1,0.11291822046041489,0.8813389389986724,-0.2180228032816512,-0.7024442106286403
layer1,5476,6,1,0.1311182826757431,0.7888387103845838,-0.5786161829939374,-0.5456938823176452
layer1,5770,6,1,0.13059554994106293,1.2388130276646432,0.5159745822200834,0.28292473308018273
layer1,379,6,2,0.14347994327545166,-0.43272280992297385,0.03757069843853007,-0.2424239193613414
layer1,463,6,2,0.16470016539096832,-0.42192470826341,0.0827486371099371,-0.26171645151149747
layer1,1170,6,2,0.1435490995645523,0.0560457923290545,-0.3141815755148487,-0.7011649090803963
layer1,2552,6,2,0.13584178686141968,0.6216535058521483,-0.09863282032140241,-0.5374075303196002
layer1,2705,6,2,0.20746031403541565,0.05693284321839518,-0.9680386777226184,0.17772835551172939
layer1,3363,6,2,0.16852892935276031,-1.2915150586141737,-0.25809653576918695,0.520733996552578
layer1,3365,6,2,0.20797647535800934,-1.2696786971399625,-0.527899645898199,0.05802675417673289
layer1,3978,6,2,0.18775972723960876,0.26030019965586987,0.09090797072481116,-0.7534447929835854
layer1,4026,6,2,0.23954759538173676,0.21066678587009652,0.15091290912483496,-0.7344735318740925
layer1,4198,6,2,0.20986534655094147,0.07231240712041585,0.75780643253777,0.2789152895562991
layer1,4374,6,2,0.17497222125530243,-0.8503588614765982,0.2812529965079825,-0.5858500602609745
layer1,4406,6,2,0.19186362624168396,-0.8235994259790694,-0.5066623421892157,0.36557825291956514
layer1,4409,6,2,0.21145819127559662,-0.8651853495392413,0.01454103934560198,-0.6234377162467879
layer1,4435,6,2,0.16583222150802612,-0.9219362521167644,0.5640771409476745,-0.4489727564630447
layer1,4481,6,2,0.1734115034341812,-0.862950093245357,0.0458143321177739,-0.6055680100253336
layer1,4533,6,2,0.20642739534378052,-0.6560878198884025,0.7555092541084603,0.059957866046171066
layer1,4722,6,2,0.15109118819236755,-0.7906843237464223,0.26596697067225133,-0.6063935407501303
layer1,4826,6,2,0.1514299511909485,-0.5834299315469582,-0.5858991513466794,0.2501150457379917
layer1,4891,6,2,0.14905066788196564,-0.3818464997332815,0.5797925601938788,-0.46410871050885394
layer1,4937,6,2,0.14661738276481628,-0.20130901547145677,-0.030348929774473964,-0.6357527982113216
layer1,4955,6,2,0.21851816773414612,-0.021749595970052917,0.24082529976059122,0.6990612164281383
layer1,5584,6,2,0.13760673999786377,0.8076970214720759,-0.5728385167262252,-0.4815664122383529
layer1,5738,6,2,0.18650618195533752,1.0174449261586735,-0.7388386216652778,0.2639528059916439
layer1,5739,6,2,0.18271178007125854,0.9933671053231038,-0.7742663499306681,-0.08601262181883369
layer2,515,0,0,0.08810197561979294,-0.6218068057593249,-0.5254325177895695,-0.028285344032089346
layer2,614,0,0,0.09313692897558212,-0.6115124675951431,-0.1045149937815531,-0.3060062210318313
layer2,732,0,0,0.05591462925076485,-0.5373372000040595,-0.6044740572882422,-0.19222271915842332
layer2,818,0,0,0.08699125796556473,-0.5525190880280048,-0.17603809887302982,-0.42187646336437035
layer2,974,0,0,0.07443465292453766,-0.5118243325394496,-0.2477292829580353,-0.4916282462573817
layer2,1283,0,0,0.0852089375257492,-0.49622053248356096,-0.8347428469980023,-0.002068425140611384
layer2,1299,0,0,0.08592375367879868,-0.4176044986169859,0.16831050140986062,-0.5383583725004992
layer2,1514,0,0,0.09030637890100479,-0.615799484270176,-0.12971602282333075,-0.7299184327880004
layer2,1629,0,0,0.07725700736045837,-0.505397938194776,-0.37888440609338664,0.6872608066063864
layer2,1630,0,0,0.061657700687646866,-0.6445767329464996,-0.6859441053400723,0.4165011209220966
layer2,1667,0,0,0.07794439792633057,-0.6415346640695857,-0.8993690978462979,0.0371002361252342
layer2,3022,0,0,0.08445589989423752,-0.8266613580225534,0.1252392322710263,1.159812710492027
layer2,3132,0,0,0.0741678923368454,-0.6333530587503501,-0.7911187856788383,0.6570690791379293
layer2,3237,0,0,0.058089807629585266,-0.6461986565597282,0.28162582549188575,0.7443221880627136
layer2,3240,0,0,0.05561278015375137,-0.6254456172214754,-0.7058434391939995,0.5130022695318185
layer2,3269,0,0,0.09461358934640884,-0.5424034972747428,0.25957996400155176,-0.5882041006077972
layer2,3515,0,0,0.06243618577718735,-0.8152409876140102,-0.6416280009987672,0.13179696512580416
layer2,3599,0,0,0.07831751555204391,-0.8266712203442148,-0.644911748891023,0.0031612099749105853
layer2,4716,0,0,0.08979746699333191,-0.9659358711341218,-0.4791428681492936,-0.6874858413403144
layer2,4776,0,0,0.08740780502557755,-1.0079935599583565,-0.3150535042711986,-0.5321892096547741
layer2,5253,0,0,0.07152901589870453,-0.6753801627201316,-0.5435919319022778,0.39186292883105
layer2,5256,0,0,0.07499679923057556,-0.8509225549312072,-0.3799249123282362,-0.5956287865266569
layer2,5422,0,0,0.08284489810466766,-0.6980121269867736,-0.669099979650252,0.0798558345388743
layer2,5759,0,0,0.05523794889450073,-0.8201618156263505,-0.6767494337055888,-0.1909561772843503
layer2,485,0,1,0.10887666046619415,-0.6088155864284777,0.27852777171706894,-0.0030035392513225474
layer2,775,0,1,0.1297258734703064,-0.5621538362256955,0.10868202585433924,0.41077273821875293
layer2,1227,0,1,0.12399803102016449,-0.41018202836685136,0.20451146963832972,-0.5474549064598173
layer2,1235,0,1,0.10250509530305862,-0.5146774553331289,-0.861226314100807,-0.030986000578154954
layer2,1417,0,1,0.11559368669986725,-0.5973257475870027,-0.5434220697232511,-0.6995921690349977
layer2,1720,0,1,0.09886251389980316,-0.5116520821133297,0.427751179122806,-0.4800653562191537
layer2,1893,0,1,0.10740203410387039,-0.4611271081352582,-0.28918214860186686,0.5214847422889205
layer2,2018,0,1,0.11050130426883698,-0.7017918176954382,-0.22968027438295008,-0.556464190799099
layer2,2118,0,1,0.12367060035467148,-0.5346687038111823,0.4803945417827963,-0.005536266073981934
layer2,2319,0,1,0.10915116220712662,-0.5575769776595427,0.04226731982422297,-0.5860445240396379
layer2,2355,0,1,0.12068819999694824,-0.5612978461115787,0.018833784606884833,-0.6003723332698245
layer2,2364,0,1,0.11271567642688751,-0.7306517050666351,-0.768788246586053,-0.0342017327338183
layer2,2528,0,1,0.12592288851737976,-0.3587339361416496,0.19836351098221977,0.3153491989648199
layer2,2553,0,1,0.12361574172973633,-0.4360259339929553,-0.04194736818489149,0.5312771481577803
layer2,2671,0,1,0.12466714531183243,-0.5315309276704107,0.7253796189405454,-0.19995528107710892
layer2,2683,0,1,0.10115911811590195,-0.6262464521688473,0.8147920226369503,-0.11608870271568299
layer2,3604,0,1,0.11366451531648636,-0.7747970655682402,0.5083184463490825,-0.12746333011546018
layer2,3626,0,1,0.10852929949760437,-0.9233405877584283,0.018729482784533402,-0.4732006711262785
layer2,5103,0,1,0.13337883353233337,-0.9578504233264413,0.6303258654469562,-0.2296266383612477
layer2,5132,0,1,0.09770754724740982,-0.9411801265592075,-0.18004714450597525,0.8032122017852674
layer2,5282,0,1,0.12101559340953827,-0.8772886518281089,0.1644032890293805,-0.45217800224068533
layer2,5393,0,1,0.11291822046041489,-0.7513929068972705,0.5820812229819067,0.2989660538871365
layer2,5476,0,1,0.1311182826757431,-0.7780943699289095,0.6238843745324675,-0.019507081759070292
layer2,5770,0,1,0.13059554994106293,-0.757130255132711,-0.697698913813841,0.1474169077432133
layer2,379,0,2,0.14347994327545166,-0.6214626300152876,0.08405863079013014,0.30500130136931985
layer2,463,0,2,0.16470016539096832,-0.6239642337504263,0.04660866820394275,0.3339526406597402
layer2,1170,0,2,0.1435490995645523,-0.5164894661229013,0.4744665276000061,0.2325452528763458
layer2,2552,0,2,0.13584178686141968,-0.3779167906369351,0.25850540440939374,0.31128830428780185
layer2,2705,0,2,0.20746031403541565,-0.5569064649222185,0.5641180425075043,-0.7749844364477354
layer2,3363,0,2,0.16852892935276031,-0.6584911675853393,-0.11471382828120129,-0.3677644483308938
layer2,3365,0,2,0.20797647535800934,-0.6606022684678415,0.35462877081877026,-0.304055939519571
layer2,3978,0,2,0.18775972723960876,-0.7919983193996101,0.587735872252451,0.4544187028085387
layer2,4026,0,2,0.23954759538173676,-0.8134176860711622,0.6396939168327319,0.3933311953954073
layer2,4198,0,2,0.20986534655094147,-1.0234312331605713,-0.5582163791306922,0.22152553208102696
layer2,4374,0,2,0.17497222125530243,-0.8020330429108931,0.6014901439055268,0.4448276081464217
layer2,4406,0,2,0.19186362624168396,-0.9541852109924375,0.11962939351807762,-0.6741148130443458
layer2,4409,0,2,0.21145819127559662,-0.9422578649047642,0.7744268790731642,0.14198871661003387
layer2,4435,0,2,0.16583222150802612,-0.6688192168897782,0.18302417162060305,0.5995028624451842
layer2,4481,0,2,0.1734115034341812,-0.8834190661946845,0.7241808589795565,0.12187633632534023
layer2,4533,0,2,0.20642739534378052,-0.7096602388546556,-0.44754205020523435,0.5409359303151187
layer2,4722,0,2,0.15109118819236755,-0.7255944947077164,0.5625362374532387,0.49070740776319643
layer2,4826,0,2,0.1514299511909485,-0.9918858236909013,0.2420464058595694,-0.49187398474984184
layer2,4891,0,2,0.14905066788196564,-0.8447240348367506,0.14487138548349104,0.8468996485366179
layer2,4937,0,2,0.14661738276481628,-0.9881488816613744,0.7294521010354492,0.37808881719698095
layer2,4955,0,2,0.21851816773414612,-1.0250480031953375,-0.5717479262441445,-0.31320889361739235
layer2,5584,0,2,0.13760673999786377,-0.728299894981155,0.6130976753679211,-0.15228197244814143
layer2,5738,0,2,0.18650618195533752,-0.8382917123752665,0.09458545526927938,-0.48586759224178244
layer2,5739,0,2,0.18271178007125854,-0.7012569805930798,0.40280863487035545,-0.30493948898655937
layer2,515,6,0,0.08810197561979294,0.6775341516209076,0.3539959394473943,0.0026310614537896414
layer2,614,6,0,0.09313692897558212,0.7627776530984873,0.0008417730438357,0.416967372668293
layer2,732,6,0,0.05591462925076485,0.7583298561581651,0.34747698723860765,0.12889551835492596
layer2,818,6,0,0.08699125796556473,0.6947094330120558,-0.03015201574484184,0.5429184942644949
layer2,974,6,0,0.07443465292453766,0.7599153014556781,0.0440105190950259,0.5554744649254095
layer2,1283,6,0,0.0852089375257492,0.6772499825468054,0.630852693261031,-0.09894847191067674
layer2,1299,6,0,0.08592375367879868,0.7630328900245644,-0.34249638741592003,0.4570585881329996
layer2,1514,6,0,0.09030637890100479,0.6888113574985878,-0.012916364306677445,0.712340999278365
layer2,1629,6,0,0.07725700736045837,0.8605713261705692,0.22522363583093108,-0.5675855013887323
layer2,1630,6,0,0.061657700687646866,0.7785186824176344,0.4974223764090283,-0.424224047699655
layer2,1667,6,0,0.07794439792633057,0.6377735722629366,0.8076015934787963,-0.18705767524879344
layer2,3022,6,0,0.08445589989423752,0.7334039602279598,-0.004371274864211143,-0.7529835240649658
layer2,3132,6,0,0.0741678923368454,0.6406008085027367,0.6665510914425254,-0.5980903075261566
layer2,3237,6,0,0.058089807629585266,0.8148925150537089,-0.22701431068123298,-0.3872649531969472
layer2,3240,6,0,0.05561278015375137,0.6785025743577557,0.5781089333337045,-0.4014223257082891
layer2,3269,6,0,0.09461358934640884,0.5536041387558918,-0.34612880191217227,0.6958379913781759
layer2,3515,6,0,0.06243618577718735,0.6325799381472916,0.5050857887225769,0.010976668339886251
layer2,3599,6,0,0.07831751555204391,0.6621449384164902,0.6201613496144438,0.048861459722083535
layer2,4716,6,0,0.08979746699333191,0.6107160301837625,0.6473318060127417,0.5125732112572228
layer2,4776,6,0,0.08740780502557755,0.6210540567671408,0.40472055152237113,0.5196391431343784
layer2,5253,6,0,0.07152901589870453,0.6606327531711402,0.43099158026893153,-0.20372865451150127
layer2,5256,6,0,0.07499679923057556,0.7288035155101877,0.2704475657527432,0.5795888220019376
layer2,5422,6,0,0.08284489810466766,0.7445889720874806,0.6490054537748424,0.03090508732268499
layer2,5759,6,0,0.05523794889450073,0.7307779561713517,0.691062547226235,0.25856663416222164
layer2,485,6,1,0.10887666046619415,0.7495117796074103,-0.35181211614685476,-0.12243748645586443
layer2,775,6,1,0.1297258734703064,0.7574803676261949,-0.2603864703933442,-0.39600896364468297
layer2,1227,6,1,0.12399803102016449,0.7259746153095386,-0.3770729401408477,0.5175213807843467
layer2,1235,6,1,0.10250509530305862,0.6922409492118219,0.6021189844118205,-0.07785194241284425
layer2,1417,6,1,0.11559368669986725,0.6903952991510881,0.3241491197174503,0.5197840699321459
layer2,1720,6,1,0.09886251389980316,0.8153685049100188,-0.45810666080356105,0.33854433022024655
layer2,1893,6,1,0.10740203410387039,0.862741984089706,0.1530848895981198,-0.45258235088058674
layer2,2018,6,1,0.11050130426883698,0.7413514122216887,0.07139697056696907,0.4524075529874313
layer2,2118,6,1,0.12367060035467148,0.7415871819516624,-0.5776246714570316,-0.3025336635105605
layer2,2319,6,1,0.10915116220712662,0.780020322711441,-0.06270038787061416,0.41866929474649095
layer2,2355,6,1,0.12068819999694824,0.745057586603933,-0.056206737593538676,0.4316664851108052
layer2,2364,6,1,0.11271567642688751,0.8097048841840057,0.734544180767558,-0.15470789568217738
layer2,2528,6,1,0.12592288851737976,0.7947073029882616,-0.15857546330294114,-0.388660996313784
layer2,2553,6,1,0.12361574172973633,0.8580016270782043,0.06927858554751867,-0.5940798003556826
layer2,2671,6,1,0.12466714531183243,0.7107480061933189,-0.6244564748563202,-0.13641356980122307
layer2,2683,6,1,0.10115911811590195,0.8957084336813477,-0.6301017831749003,-0.03277670429796505
layer2,3604,6,1,0.11366451531648636,0.5986685651819889,-0.47897748597734124,0.18354993188310875
layer2,3626,6,1,0.10852929949760437,0.4629118228586594,-0.04069947765896909,0.6275111451946735
layer2,5103,6,1,0.13337883353233337,0.7523903330058156,-0.33258641035417597,0.555099587985925
layer2,5132,6,1,0.09770754724740982,0.6486353891283745,0.3577648937398467,-0.2946307807139814
layer2,5282,6,1,0.12101559340953827,0.7306948917299763,-0.2597541922600646,0.549355541586245
layer2,5393,6,1,0.11291822046041489,0.875030544240867,-0.44919813971749495,-0.32599434636796704
layer2,5476,6,1,0.1311182826757431,0.7902124678091726,-0.5511914270393123,-0.008914751202504454
layer2,5770,6,1,0.13059554994106293,0.5962878089818134,0.7708012496064675,-0.18717591724102342
layer2,379,6,2,0.14347994327545166,0.7410459063491741,-0.15527399642885995,-0.23539983620891355
layer2,463,6,2,0.16470016539096832,0.6699951407925119,-0.07381469442803323,-0.36735640530014957
layer2,1170,6,2,0.1435490995645523,0.8918691436234927,-0.6180952412020084,-0.37177610372851444
layer2,2552,6,2,0.13584178686141968,0.7736131906571979,-0.1698020614905126,-0.41010294931153896
layer2,2705,6,2,0.20746031403541565,0.7165952473924546,-0.37650281494458526,0.7651090458417011
layer2,3363,6,2,0.16852892935276031,0.4080222956596557,0.05251574896960306,0.5210532449771119
layer2,3365,6,2,0.20797647535800934,0.552465898571234,-0.4545202529086079,0.36941063142088637
layer2,3978,6,2,0.18775972723960876,0.7536024676077069,-0.5094618201306312,-0.6391963379499915
layer2,4026,6,2,0.23954759538173676,0.7334427084604297,-0.34604777884615834,-0.5402536079712934
layer2,4198,6,2,0.20986534655094147,0.5646456462215085,0.8636671325623615,-0.05403013452930681
layer2,4374,6,2,0.17497222125530243,0.5330103893504872,-0.3271763481378224,-0.7355855627636674
layer2,4406,6,2,0.19186362624168396,0.42691864951392827,0.001569305439518339,0.6687029350727703
layer2,4409,6,2,0.21145819127559662,0.6402050519876578,-0.5310544161870203,-0.37132258499113335
layer2,4435,6,2,0.16583222150802612,0.5929052531197183,-0.06871820427622281,-0.7517437242409833
layer2,4481,6,2,0.1734115034341812,0.6541266690627628,-0.45118590310321566,-0.42214756171771345
layer2,4533,6,2,0.20642739534378052,0.6188317656813989,0.41669847130984194,-0.36948902121356136
layer2,4722,6,2,0.15109118819236755,0.6083406410172895,-0.38521282078838154,-0.577627660375549
layer2,4826,6,2,0.1514299511909485,0.5124685238366108,-0.14335110628300407,0.7122244316411194
layer2,4891,6,2,0.14905066788196564,0.6417032567845025,-0.0070215550171125905,-0.7039990631415075
layer2,4937,6,2,0.14661738276481628,0.7724009802689044,-0.3956900167566442,-0.3028556713953986
layer2,4955,6,2,0.21851816773414612,0.39904392559034646,0.8865609301726498,0.3399342158205323
layer2,5584,6,2,0.13760673999786377,0.837606112688535,-0.5602402085343947,0.05178087901715547
layer2,5738,6,2,0.18650618195533752,0.6189679139446242,-0.1650098415967259,0.6901855004886036
layer2,5739,6,2,0.18271178007125854,0.6455662678221729,-0.4301775000871847,0.43176117158445737
