dataset,model,seed,origin0_last16_pct,origin6_last16_pct,origin0_minus_origin6_pp
ETTh2,controlled,0,17.280933695116605,16.25550784067525,1.0254258544413553
Weather,controlled,0,82.81371962248764,68.0414444449356,14.772275177552032
ETTh1,patchtst,0,20.296362067375306,18.3141222930037,1.9822397743716067
Weather,patchtst,0,18.33495322935345,24.12426602143167,-5.789312792078221
ETTh2,controlled,1,17.10087003899574,16.073538797430047,1.0273312415656939
Weather,controlled,1,82.76020522289261,67.9522186109667,14.807986611925912
ETTh1,patchtst,1,20.079238539331932,18.685378191160783,1.393860348171149
Weather,patchtst,1,17.706062617684196,24.147830355095312,-6.441767737411116
ETTh2,controlled,2,17.11609832714051,16.026694336736536,1.089403990403973
Weather,controlled,2,82.65991519241749,67.85025925052342,14.809655941894064
ETTh1,patchtst,2,19.88192784458883,18.418246798484205,1.4636810461046252
Weather,patchtst,2,17.39165791686275,22.89214932472129,-5.50049140785854
ETTh2,controlled,3,17.058855107231988,16.124831330035633,0.9340237771963551
Weather,controlled,3,82.71655782948741,68.13075094078305,14.585806888704369
ETTh1,patchtst,3,19.847729514216862,18.40737728782167,1.4403522263951913
Weather,patchtst,3,18.492303100226735,24.196938657987328,-5.704635557760593
ETTh2,controlled,4,17.41614840442143,16.469729745370838,0.9464186590505932
Weather,controlled,4,82.7360995966086,68.09148286702218,14.644616729586417
ETTh1,patchtst,4,19.74502379832874,18.7236387108973,1.0213850874314403
Weather,patchtst,4,18.549217553587965,22.866727968824108,-4.317510415236143
ETTh2,controlled,5,17.091663176170663,16.005448536352105,1.0862146398185573
Weather,controlled,5,82.7722073158858,68.04792015870163,14.724287157184165
ETTh1,patchtst,5,20.06791307685744,18.322838447893005,1.745074628964435
Weather,patchtst,5,18.941694742346783,24.052651999845267,-5.110957257498484
ETTh2,controlled,6,17.085674264180252,16.040977906051612,1.0446963581286397
Weather,controlled,6,82.69428371521492,68.02938035105548,14.664903364159443
ETTh1,patchtst,6,20.348339655537686,18.90227647693161,1.4460631786060745
Weather,patchtst,6,18.747505679162497,22.720338365953292,-3.9728326867907953
ETTh2,controlled,7,17.28146997678655,16.264457332074127,1.0170126447124233
Weather,controlled,7,82.78591378903019,68.11796004009143,14.667953748938757
ETTh1,patchtst,7,20.457773921286318,18.38439574355161,2.073378177734707
Weather,patchtst,7,18.715406978900457,22.239473147016984,-3.5240661681165264
ETTh2,controlled,8,17.268196628661933,16.26615235021796,1.0020442784439716
Weather,controlled,8,82.72449047572483,68.02801064648195,14.69647982924289
ETTh1,patchtst,8,19.933913743116804,18.549697574928665,1.3842161681881393
Weather,patchtst,8,17.97711997466689,24.211612432039676,-6.2344924573727845
ETTh2,controlled,9,17.20558653698753,16.12035224282414,1.0852342941633886
Weather,controlled,9,82.71017603366093,68.07427850411122,14.635897529549709
ETTh1,patchtst,9,19.811400771519992,18.288442742713745,1.5229580288062472
Weather,patchtst,9,19.414640600111124,24.133291654243244,-4.7186510541321205
